Order_ID,Customer_ID,Product_ID,Payment_ID,Location_ID,Order_date,Quantity,Amount,Profit
B-26776,1,1,1,1,2023-06-27,5,9726.0,1275.0
B-26776,2,1,1,2,2024-12-27,5,9726.0,1275.0
B-26776,3,1,1,3,2021-07-25,5,9726.0,1275.0
B-26776,1,2,1,1,2023-06-27,14,4975.0,1330.0
B-26776,2,2,1,2,2024-12-27,14,4975.0,1330.0
B-26776,3,2,1,3,2021-07-25,14,4975.0,1330.0
B-26942,4,3,2,4,2024-05-11,12,1525.0,185.0
B-26942,5,3,2,1,2021-10-09,12,1525.0,185.0
B-26640,6,4,3,5,2022-11-18,10,883.0,117.0
B-26640,6,5,4,5,2022-11-18,16,8127.0,3551.0
B-25890,7,6,1,6,2023-11-12,19,2516.0,734.0
B-25102,8,3,4,6,2020-03-23,14,2975.0,462.0
B-25426,9,7,2,4,2020-05-04,1,6851.0,2812.0
B-25426,9,8,4,4,2020-05-04,15,7626.0,1046.0
B-25426,9,5,1,4,2020-05-04,9,1023.0,78.0
B-25238,10,3,1,7,2023-11-09,10,7600.0,1098.0
B-25238,10,9,5,7,2023-11-09,18,7501.0,262.0
B-25051,11,9,4,8,2024-12-30,6,725.0,133.0
B-25051,11,5,4,8,2024-12-30,2,7201.0,2685.0
B-26510,12,9,1,9,2025-02-11,1,1629.0,265.0
B-26510,13,9,1,10,2024-01-23,1,1629.0,265.0
B-25104,14,10,2,10,2020-11-28,19,8971.0,2971.0
B-25104,14,10,5,10,2020-11-28,20,2939.0,894.0
B-25553,15,11,1,8,2024-05-30,11,9380.0,414.0
B-25553,15,10,4,8,2024-05-30,18,8558.0,1644.0
B-25553,15,9,5,8,2024-05-30,17,4080.0,72.0
B-26703,16,1,3,11,2022-01-23,17,4206.0,1821.0
B-26232,17,10,5,6,2021-12-17,20,5219.0,1180.0
B-26232,18,10,5,12,2023-02-03,20,5219.0,1180.0
B-26232,36,10,5,16,2023-02-03,20,5219.0,1180.0
B-25394,19,3,2,12,2022-10-30,20,3686.0,760.0
B-25394,20,3,2,13,2022-01-15,20,3686.0,760.0
B-26157,21,9,5,4,2023-12-14,4,6045.0,1606.0
B-26157,21,3,5,4,2023-12-14,11,9337.0,554.0
B-25555,22,11,4,10,2023-07-03,12,4051.0,1848.0
B-25555,23,11,4,14,2021-05-08,12,4051.0,1848.0
B-25555,22,12,4,10,2023-07-03,11,5011.0,866.0
B-25555,23,12,4,14,2021-05-08,11,5011.0,866.0
B-26139,24,8,3,4,2022-10-07,15,3958.0,630.0
B-26139,24,5,2,4,2022-10-07,1,3132.0,963.0
B-25032,25,7,1,12,2024-08-06,12,7784.0,2937.0
B-25032,25,3,5,12,2024-08-06,3,5591.0,1696.0
B-25032,25,1,5,12,2024-08-06,12,5122.0,2413.0
B-25730,26,10,5,15,2022-01-05,8,8293.0,2632.0
B-25730,27,10,5,8,2020-10-17,8,8293.0,2632.0
B-25730,28,10,5,5,2023-08-21,8,8293.0,2632.0
B-25730,26,11,1,15,2022-01-05,17,2863.0,205.0
B-25730,27,11,1,8,2020-10-17,17,2863.0,205.0
B-25730,28,11,1,5,2023-08-21,17,2863.0,205.0
B-26470,29,5,3,10,2024-12-27,6,3090.0,573.0
B-26470,30,5,3,14,2021-06-18,6,3090.0,573.0
B-26470,31,5,3,11,2023-05-27,6,3090.0,573.0
B-26470,32,5,3,9,2021-10-12,6,3090.0,573.0
B-26470,29,2,1,10,2024-12-27,5,9683.0,1014.0
B-26470,30,2,1,14,2021-06-18,5,9683.0,1014.0
B-26470,31,2,1,11,2023-05-27,5,9683.0,1014.0
B-26470,32,2,1,9,2021-10-12,5,9683.0,1014.0
B-25988,33,5,3,14,2022-09-19,18,2463.0,648.0
B-25568,34,8,5,1,2022-03-25,12,7811.0,1538.0
B-26730,35,5,2,4,2022-02-26,10,6139.0,451.0
B-26730,18,5,2,12,2021-04-05,10,6139.0,451.0
B-26730,36,5,2,16,2021-04-05,10,6139.0,451.0
B-26730,35,6,5,4,2022-02-26,3,8636.0,3192.0
B-26730,18,6,5,12,2021-04-05,3,8636.0,3192.0
B-26730,36,6,5,16,2021-04-05,3,8636.0,3192.0
B-26730,35,8,4,4,2022-02-26,19,4439.0,1712.0
B-26730,18,8,4,12,2021-04-05,19,4439.0,1712.0
B-26730,36,8,4,16,2021-04-05,19,4439.0,1712.0
B-25372,37,5,2,3,2020-11-16,20,1016.0,172.0
B-25372,37,5,1,3,2020-11-16,14,5768.0,2059.0
B-25372,37,5,4,3,2020-11-16,3,1217.0,151.0
B-26026,38,9,2,15,2024-12-12,2,953.0,93.0
B-26026,39,9,2,5,2023-04-06,2,953.0,93.0
B-26026,38,8,5,15,2024-12-12,3,7355.0,1034.0
B-26026,39,8,5,5,2023-04-06,3,7355.0,1034.0
B-26026,38,11,4,15,2024-12-12,3,1843.0,248.0
B-26026,39,11,4,5,2023-04-06,3,1843.0,248.0
B-26026,38,3,2,15,2024-12-12,10,1603.0,361.0
B-26026,39,3,2,5,2023-04-06,10,1603.0,361.0
B-25295,40,3,4,1,2024-01-28,1,2025.0,528.0
B-25295,40,10,3,1,2024-01-28,16,6800.0,167.0
B-26121,41,12,1,17,2022-01-16,1,1126.0,55.0
B-26121,42,12,1,3,2022-12-16,1,1126.0,55.0
B-25560,43,5,1,10,2023-07-13,12,7533.0,3508.0
B-25560,43,10,4,10,2023-07-13,16,4734.0,1178.0
B-25560,43,1,2,10,2023-07-13,6,4074.0,1175.0
B-25560,43,8,4,10,2023-07-13,3,2334.0,484.0
B-26076,44,11,2,3,2025-03-10,11,2750.0,1239.0
B-26076,45,11,2,15,2024-09-24,11,2750.0,1239.0
B-26076,44,3,3,3,2025-03-10,19,8639.0,3104.0
B-26076,45,3,3,15,2024-09-24,19,8639.0,3104.0
B-25872,46,7,1,6,2020-04-13,4,3808.0,1192.0
B-25872,46,3,4,6,2020-04-13,16,2588.0,705.0
B-26185,47,1,4,7,2022-06-27,5,1591.0,727.0
B-26185,48,1,4,17,2021-03-14,5,1591.0,727.0
B-26185,49,1,4,14,2022-02-23,5,1591.0,727.0
B-26259,50,6,1,15,2022-03-29,10,1757.0,622.0
B-26259,51,6,1,18,2022-11-20,10,1757.0,622.0
B-25142,52,12,2,4,2021-11-12,15,6940.0,253.0
B-25142,52,2,1,4,2021-11-12,5,5105.0,465.0
B-25326,53,5,5,1,2021-08-17,16,5578.0,277.0
B-25326,54,5,5,13,2022-05-16,16,5578.0,277.0
B-26795,55,6,4,16,2023-07-16,16,5224.0,1958.0
B-26795,55,7,4,16,2023-07-16,11,5002.0,1801.0
B-26795,55,7,5,16,2023-07-16,18,7380.0,1673.0
B-25660,56,6,2,5,2020-08-18,4,7595.0,2873.0
B-25660,57,6,2,8,2022-04-19,4,7595.0,2873.0
B-25410,58,8,2,11,2022-12-23,7,1954.0,294.0
B-25690,59,2,3,9,2024-12-07,20,523.0,95.0
B-26464,60,4,3,11,2022-02-03,13,5704.0,714.0
B-26464,61,4,3,10,2021-12-12,13,5704.0,714.0
B-26464,60,5,1,11,2022-02-03,8,8797.0,1010.0
B-26464,61,5,1,10,2021-12-12,8,8797.0,1010.0
B-26464,60,4,2,11,2022-02-03,5,9236.0,2899.0
B-26464,61,4,2,10,2021-12-12,5,9236.0,2899.0
B-26454,62,8,3,1,2020-05-17,17,9109.0,586.0
B-26742,63,11,4,9,2022-12-05,19,4358.0,526.0
B-26742,64,11,4,12,2024-09-17,19,4358.0,526.0
B-26742,63,11,4,9,2022-12-05,8,6459.0,825.0
B-26742,64,11,4,12,2024-09-17,8,6459.0,825.0
B-25510,65,12,5,12,2023-05-08,12,2478.0,92.0
B-25510,66,12,5,6,2021-03-03,12,2478.0,92.0
B-25510,67,12,5,12,2021-03-18,12,2478.0,92.0
B-25510,68,12,5,15,2023-04-24,12,2478.0,92.0
B-25936,69,3,2,8,2021-10-09,20,9992.0,3696.0
B-25936,70,3,2,11,2022-04-15,20,9992.0,3696.0
B-25936,71,3,2,8,2022-08-29,20,9992.0,3696.0
B-25936,69,10,1,8,2021-10-09,7,9619.0,3420.0
B-25936,70,10,1,11,2022-04-15,7,9619.0,3420.0
B-25936,71,10,1,8,2022-08-29,7,9619.0,3420.0
B-25884,72,2,4,12,2024-09-04,20,9538.0,3158.0
B-25884,73,2,4,15,2021-05-18,20,9538.0,3158.0
B-25884,72,6,3,12,2024-09-04,14,9035.0,1227.0
B-25884,73,6,3,15,2021-05-18,14,9035.0,1227.0
B-26287,74,9,5,17,2024-07-02,2,2684.0,670.0
B-26287,74,8,4,17,2024-07-02,5,822.0,147.0
B-26287,74,6,3,17,2024-07-02,2,9730.0,2341.0
B-26287,74,1,5,17,2024-07-02,2,2483.0,236.0
B-26564,75,10,4,4,2024-02-16,7,1297.0,600.0
B-26564,75,11,5,4,2024-02-16,19,7909.0,1942.0
B-26293,76,5,4,9,2021-11-26,8,9768.0,4518.0
B-26293,76,8,2,9,2021-11-26,5,4968.0,934.0
B-26293,76,4,3,9,2021-11-26,4,1731.0,149.0
B-25915,77,10,5,12,2024-02-01,10,3433.0,1169.0
B-25915,78,10,5,7,2021-09-09,10,3433.0,1169.0
B-25915,79,10,5,10,2021-09-08,10,3433.0,1169.0
B-25915,77,10,2,12,2024-02-01,1,3887.0,1490.0
B-25915,78,10,2,7,2021-09-09,1,3887.0,1490.0
B-25915,79,10,2,10,2021-09-08,1,3887.0,1490.0
B-26496,80,7,4,5,2024-07-09,20,1801.0,641.0
B-26496,80,5,2,5,2024-07-09,10,5301.0,817.0
B-26496,80,9,2,5,2024-07-09,12,1166.0,520.0
B-26496,80,9,2,5,2024-07-09,15,3196.0,1411.0
B-25856,81,6,4,7,2023-02-28,1,3428.0,350.0
B-25856,81,10,4,7,2023-02-28,12,7223.0,2433.0
B-25856,81,3,4,7,2023-02-28,1,3731.0,647.0
B-26899,82,3,4,13,2022-08-08,18,8903.0,4401.0
B-25916,83,11,1,2,2022-12-07,7,6009.0,2107.0
B-25916,84,11,1,11,2024-04-29,7,6009.0,2107.0
B-25916,83,5,4,2,2022-12-07,3,2858.0,230.0
B-25916,84,5,4,11,2024-04-29,3,2858.0,230.0
B-25916,83,8,4,2,2022-12-07,7,8175.0,525.0
B-25916,84,8,4,11,2024-04-29,7,8175.0,525.0
B-25916,83,8,1,2,2022-12-07,18,5846.0,586.0
B-25916,84,8,1,11,2024-04-29,18,5846.0,586.0
B-26428,85,4,4,11,2022-01-02,11,706.0,197.0
B-26332,86,5,5,9,2022-06-10,16,9835.0,2571.0
B-26332,87,5,5,4,2021-11-16,16,9835.0,2571.0
B-26332,88,5,5,5,2022-08-17,16,9835.0,2571.0
B-26332,86,7,4,9,2022-06-10,13,9691.0,3056.0
B-26332,87,7,4,4,2021-11-16,13,9691.0,3056.0
B-26332,88,7,4,5,2022-08-17,13,9691.0,3056.0
B-26332,86,12,1,9,2022-06-10,14,7826.0,1221.0
B-26332,87,12,1,4,2021-11-16,14,7826.0,1221.0
B-26332,88,12,1,5,2022-08-17,14,7826.0,1221.0
B-25303,89,8,5,11,2021-11-23,11,770.0,241.0
B-25303,90,8,5,14,2023-03-04,11,770.0,241.0
B-26507,91,12,5,8,2023-12-16,20,9895.0,1598.0
B-25983,92,9,2,1,2024-05-19,10,6517.0,1581.0
B-25983,93,9,2,17,2020-05-14,10,6517.0,1581.0
B-25983,92,5,4,1,2024-05-19,11,1166.0,349.0
B-25983,93,5,4,17,2020-05-14,11,1166.0,349.0
B-25156,94,6,4,3,2021-08-29,16,9820.0,793.0
B-26759,95,10,5,9,2024-11-10,8,8563.0,2624.0
B-26759,95,2,5,9,2024-11-10,20,4441.0,281.0
B-26244,96,9,3,4,2021-12-05,8,7340.0,2271.0
B-26244,96,11,3,4,2021-12-05,1,5442.0,1610.0
B-26365,97,5,1,17,2024-07-05,14,1895.0,391.0
B-26365,97,10,5,17,2024-07-05,13,5323.0,322.0
B-26212,98,7,2,1,2024-06-25,13,8850.0,279.0
B-26212,98,9,2,1,2024-06-25,6,8667.0,1266.0
B-25042,99,5,5,2,2024-05-31,1,6903.0,105.0
B-25042,99,3,5,2,2024-05-31,7,8793.0,3010.0
B-25901,100,9,1,3,2020-10-20,16,9883.0,4812.0
B-25901,101,9,1,4,2022-08-11,16,9883.0,4812.0
B-25901,102,9,1,7,2021-10-17,16,9883.0,4812.0
B-25901,100,9,1,3,2020-10-20,7,5210.0,1185.0
B-25901,101,9,1,4,2022-08-11,7,5210.0,1185.0
B-25901,102,9,1,7,2021-10-17,7,5210.0,1185.0
B-26747,103,2,4,5,2022-02-23,4,3574.0,851.0
B-26747,103,8,1,5,2022-02-23,13,576.0,76.0
B-26698,104,2,3,15,2023-09-20,13,1860.0,457.0
B-25841,105,3,3,18,2021-01-19,8,782.0,374.0
B-25841,105,4,1,18,2021-01-19,1,4371.0,1852.0
B-26032,106,11,5,16,2020-08-21,1,8346.0,1176.0
B-26032,107,11,5,2,2023-04-17,1,8346.0,1176.0
B-26032,108,11,5,12,2023-12-24,1,8346.0,1176.0
B-26032,106,5,2,16,2020-08-21,5,6218.0,1125.0
B-26032,107,5,2,2,2023-04-17,5,6218.0,1125.0
B-26032,108,5,2,12,2023-12-24,5,6218.0,1125.0
B-26032,106,2,4,16,2020-08-21,14,5167.0,253.0
B-26032,107,2,4,2,2023-04-17,14,5167.0,253.0
B-26032,108,2,4,12,2023-12-24,14,5167.0,253.0
B-26032,106,8,2,16,2020-08-21,5,2799.0,1239.0
B-26032,107,8,2,2,2023-04-17,5,2799.0,1239.0
B-26032,108,8,2,12,2023-12-24,5,2799.0,1239.0
B-25171,109,7,4,1,2022-03-20,20,3234.0,1029.0
B-26939,110,5,2,7,2021-08-12,12,4920.0,775.0
B-26939,110,12,3,7,2021-08-12,15,9078.0,2213.0
B-26347,111,12,1,1,2020-12-21,7,8586.0,3826.0
B-26347,112,12,1,17,2023-07-07,7,8586.0,3826.0
B-25388,113,8,3,12,2023-08-13,13,5047.0,2211.0
B-25388,114,8,3,2,2021-02-04,13,5047.0,2211.0
B-25388,115,8,3,18,2022-09-16,13,5047.0,2211.0
B-25388,116,8,3,3,2022-05-06,13,5047.0,2211.0
B-26419,117,8,1,12,2021-05-28,1,3657.0,163.0
B-25157,118,1,1,18,2024-07-18,18,6471.0,2842.0
B-25342,119,10,1,15,2024-12-06,9,949.0,301.0
B-25342,119,10,3,15,2024-12-06,6,6823.0,771.0
B-25342,119,5,3,15,2024-12-06,2,4364.0,831.0
B-26165,120,11,1,18,2022-12-12,10,6671.0,2797.0
B-26571,121,9,5,7,2022-10-20,3,7472.0,1037.0
B-26571,121,2,5,7,2022-10-20,9,9548.0,1806.0
B-25400,122,2,1,1,2021-03-24,17,7759.0,3741.0
B-25400,123,2,1,9,2025-01-06,17,7759.0,3741.0
B-25400,122,7,2,1,2021-03-24,16,7521.0,3457.0
B-25400,123,7,2,9,2025-01-06,16,7521.0,3457.0
B-25885,124,3,5,16,2021-03-06,12,9704.0,4339.0
B-25885,124,2,2,16,2021-03-06,18,4948.0,2356.0
B-25885,124,1,2,16,2021-03-06,10,6435.0,334.0
B-25004,125,7,5,12,2020-06-17,16,9965.0,3033.0
B-25004,126,7,5,3,2023-09-01,16,9965.0,3033.0
B-26213,127,8,1,8,2023-06-08,3,1523.0,234.0
B-26213,127,1,2,8,2023-06-08,7,9073.0,424.0
B-25025,128,4,5,8,2021-03-25,20,6447.0,3079.0
B-25025,128,1,4,8,2021-03-25,6,8947.0,2807.0
B-26804,129,3,2,5,2021-01-03,8,914.0,400.0
B-26804,129,9,4,5,2021-01-03,3,1548.0,666.0
B-26797,130,5,4,6,2024-12-27,6,2759.0,1149.0
B-26556,131,4,1,4,2022-08-12,4,1341.0,615.0
B-25861,132,1,2,15,2022-03-28,19,9851.0,2669.0
B-25861,133,1,2,3,2023-07-15,19,9851.0,2669.0
B-25861,134,1,2,4,2022-09-22,19,9851.0,2669.0
B-25861,132,5,2,15,2022-03-28,14,9989.0,3930.0
B-25861,133,5,2,3,2023-07-15,14,9989.0,3930.0
B-25861,134,5,2,4,2022-09-22,14,9989.0,3930.0
B-25112,135,5,5,16,2022-12-20,10,7421.0,958.0
B-25112,136,5,5,16,2022-01-16,10,7421.0,958.0
B-25112,137,5,5,9,2023-01-29,10,7421.0,958.0
B-25223,138,9,5,3,2022-01-15,1,3099.0,479.0
B-25223,138,11,5,3,2022-01-15,7,2521.0,906.0
B-25714,139,1,1,9,2024-03-24,12,6962.0,3429.0
B-25714,140,1,1,1,2025-02-19,12,6962.0,3429.0
B-26607,141,12,1,3,2024-07-13,20,1085.0,301.0
B-25038,142,6,2,14,2023-04-28,2,738.0,342.0
B-25038,143,6,2,3,2020-12-05,2,738.0,342.0
B-25038,144,6,2,14,2024-05-14,2,738.0,342.0
B-25038,145,6,2,6,2022-01-18,2,738.0,342.0
B-26672,146,1,3,13,2023-09-18,17,1366.0,242.0
B-26672,146,7,4,13,2023-09-18,13,1518.0,155.0
B-25747,147,11,5,3,2021-05-12,1,2962.0,1470.0
B-25747,148,11,5,17,2023-09-17,1,2962.0,1470.0
B-25747,147,2,1,3,2021-05-12,12,7131.0,718.0
B-25747,148,2,1,17,2023-09-17,12,7131.0,718.0
B-25747,147,7,3,3,2021-05-12,10,4200.0,855.0
B-25747,148,7,3,17,2023-09-17,10,4200.0,855.0
B-26322,149,7,3,18,2024-09-06,2,5934.0,1563.0
B-26613,150,2,1,6,2022-06-18,11,2701.0,322.0
B-26613,150,9,5,6,2022-06-18,18,7273.0,2702.0
B-25413,151,7,2,12,2020-05-22,18,2465.0,699.0
B-26466,152,7,3,9,2024-10-17,2,3479.0,1087.0
B-26466,152,2,3,9,2024-10-17,7,5457.0,1765.0
B-26610,153,7,4,15,2022-03-22,8,4957.0,1152.0
B-26209,154,3,2,13,2024-03-17,17,4404.0,858.0
B-26209,154,8,4,13,2024-03-17,15,8776.0,2529.0
B-26622,155,11,1,4,2020-04-02,9,9536.0,1437.0
B-26622,155,8,4,4,2020-04-02,7,2225.0,589.0
B-26601,156,12,1,12,2024-03-13,19,9574.0,4045.0
B-26601,156,1,5,12,2024-03-13,17,4382.0,482.0
B-25894,157,4,5,14,2023-03-21,19,8200.0,257.0
B-25894,157,8,4,14,2023-03-21,13,9316.0,3003.0
B-25894,157,1,5,14,2023-03-21,15,6379.0,3128.0
B-26969,158,7,4,15,2024-03-02,5,3348.0,568.0
B-26969,159,7,4,8,2021-04-30,5,3348.0,568.0
B-26969,158,3,2,15,2024-03-02,9,8856.0,2020.0
B-26969,159,3,2,8,2021-04-30,9,8856.0,2020.0
B-26312,160,8,2,13,2021-09-15,16,1760.0,619.0
B-26312,161,8,2,16,2023-01-28,16,1760.0,619.0
B-26312,160,2,1,13,2021-09-15,15,6351.0,986.0
B-26312,161,2,1,16,2023-01-28,15,6351.0,986.0
B-26837,162,9,4,6,2021-07-08,14,869.0,373.0
B-26837,163,9,4,15,2020-04-08,14,869.0,373.0
B-26837,162,12,1,6,2021-07-08,7,1486.0,114.0
B-26837,163,12,1,15,2020-04-08,7,1486.0,114.0
B-26166,164,10,5,2,2022-08-23,13,2999.0,145.0
B-26166,164,9,3,2,2022-08-23,20,5142.0,1916.0
B-25695,165,4,1,8,2022-12-17,17,1239.0,575.0
B-25695,166,4,1,7,2022-06-08,17,1239.0,575.0
B-25695,165,1,3,8,2022-12-17,16,1262.0,515.0
B-25695,166,1,3,7,2022-06-08,16,1262.0,515.0
B-26068,167,12,5,8,2020-08-28,5,1033.0,254.0
B-26023,168,2,1,10,2020-09-26,19,1518.0,159.0
B-26677,169,9,2,18,2020-12-13,2,8581.0,2444.0
B-26677,170,9,2,4,2020-11-19,2,8581.0,2444.0
B-25701,171,3,1,11,2023-09-13,5,1167.0,463.0
B-25701,171,4,4,11,2023-09-13,20,2841.0,803.0
B-25701,171,5,1,11,2023-09-13,19,5680.0,2159.0
B-26523,172,3,1,2,2020-03-31,6,8204.0,2382.0
B-26523,173,3,1,3,2020-10-20,6,8204.0,2382.0
B-26523,172,11,3,2,2020-03-31,6,2850.0,904.0
B-26523,173,11,3,3,2020-10-20,6,2850.0,904.0
B-25880,174,3,4,6,2023-08-04,9,907.0,391.0
B-26898,175,3,4,14,2022-04-11,19,2174.0,265.0
B-26898,175,1,4,14,2022-04-11,12,8541.0,2029.0
B-26898,175,12,3,14,2022-04-11,3,1931.0,551.0
B-26035,176,1,2,11,2021-12-31,3,1281.0,340.0
B-26035,176,4,5,11,2021-12-31,15,2404.0,253.0
B-25573,177,8,5,5,2020-08-16,1,2119.0,196.0
B-25463,178,3,2,2,2025-02-02,9,3137.0,571.0
B-26277,179,5,5,9,2022-02-24,7,2323.0,727.0
B-26277,179,12,1,9,2022-02-24,9,1368.0,406.0
B-26508,180,4,4,1,2024-02-25,16,9204.0,3289.0
B-26508,181,4,4,1,2021-06-15,16,9204.0,3289.0
B-26508,180,9,3,1,2024-02-25,20,9894.0,3698.0
B-26508,181,9,3,1,2021-06-15,20,9894.0,3698.0
B-26723,182,8,5,16,2022-12-08,18,5322.0,1423.0
B-26723,183,8,5,9,2023-12-09,18,5322.0,1423.0
B-25526,184,6,5,15,2022-07-16,14,2666.0,559.0
B-25645,185,8,1,4,2024-05-05,4,8383.0,937.0
B-25757,186,9,3,2,2021-10-04,4,7560.0,821.0
B-26716,187,8,1,3,2021-11-20,16,1314.0,490.0
B-26716,187,5,2,3,2021-11-20,1,4390.0,179.0
B-26716,187,10,2,3,2021-11-20,7,1150.0,58.0
B-25424,188,3,3,10,2020-09-15,17,1574.0,258.0
B-25424,188,10,1,10,2020-09-15,17,5635.0,318.0
B-25424,188,8,2,10,2020-09-15,11,6515.0,961.0
B-26453,189,4,2,13,2023-01-17,20,1231.0,214.0
B-26453,190,4,2,8,2020-06-16,20,1231.0,214.0
B-26425,191,10,2,15,2024-05-01,3,6891.0,2529.0
B-25843,192,4,3,11,2023-12-07,15,7524.0,2308.0
B-25843,192,2,4,11,2023-12-07,14,6864.0,1824.0
B-25486,193,6,2,13,2024-02-02,14,4215.0,432.0
B-26975,194,12,4,10,2024-06-23,19,622.0,218.0
B-26975,194,3,1,10,2024-06-23,18,1755.0,495.0
B-26975,194,1,3,10,2024-06-23,20,8020.0,3898.0
B-26890,195,4,4,3,2024-06-07,4,7333.0,1576.0
B-26125,196,1,5,8,2023-10-13,4,7690.0,1134.0
B-26125,196,8,3,8,2023-10-13,2,912.0,246.0
B-26489,197,4,5,11,2022-10-08,14,2791.0,894.0
B-26489,198,4,5,14,2023-10-27,14,2791.0,894.0
B-26489,199,4,5,9,2021-02-09,14,2791.0,894.0
B-26489,197,8,2,11,2022-10-08,3,6223.0,1478.0
B-26489,198,8,2,14,2023-10-27,3,6223.0,1478.0
B-26489,199,8,2,9,2021-02-09,3,6223.0,1478.0
B-26489,197,6,2,11,2022-10-08,17,8943.0,3121.0
B-26489,198,6,2,14,2023-10-27,17,8943.0,3121.0
B-26489,199,6,2,9,2021-02-09,17,8943.0,3121.0
B-26489,197,11,4,11,2022-10-08,12,3297.0,102.0
B-26489,198,11,4,14,2023-10-27,12,3297.0,102.0
B-26489,199,11,4,9,2021-02-09,12,3297.0,102.0
B-26043,200,9,1,2,2020-11-03,20,8769.0,1989.0
B-26557,201,2,5,4,2022-05-30,19,9057.0,1888.0
B-26557,201,5,4,4,2022-05-30,11,6864.0,3275.0
B-26557,201,4,5,4,2022-05-30,13,9200.0,809.0
B-25243,202,4,1,4,2024-06-16,6,6113.0,2508.0
B-25243,202,5,3,4,2024-06-16,15,7733.0,2784.0
B-25243,202,5,5,4,2024-06-16,14,8524.0,154.0
B-25243,202,12,3,4,2024-06-16,15,6187.0,2344.0
B-26932,203,5,3,14,2022-07-15,18,4364.0,148.0
B-26932,499,5,3,8,2022-07-15,18,4364.0,148.0
B-26932,203,3,3,14,2022-07-15,12,736.0,286.0
B-26932,499,3,3,8,2022-07-15,12,736.0,286.0
B-25241,204,3,3,9,2021-07-18,17,9905.0,633.0
B-25241,205,3,3,17,2021-10-02,17,9905.0,633.0
B-25044,206,9,4,7,2024-04-16,9,2493.0,1221.0
B-25044,206,3,4,7,2024-04-16,1,9849.0,963.0
B-26137,207,2,4,18,2020-07-09,4,3423.0,804.0
B-26137,208,2,4,9,2020-07-25,4,3423.0,804.0
B-26137,209,2,4,11,2024-01-24,4,3423.0,804.0
B-26137,210,2,4,9,2020-05-04,4,3423.0,804.0
B-26137,211,2,4,14,2021-11-13,4,3423.0,804.0
B-25545,212,6,5,7,2023-10-07,9,3900.0,115.0
B-26800,213,1,1,8,2021-10-23,11,8568.0,2419.0
B-26800,213,3,3,8,2021-10-23,6,3283.0,71.0
B-26987,214,1,3,9,2022-07-18,19,7643.0,3720.0
B-26144,215,8,3,2,2024-08-23,15,3461.0,1537.0
B-26144,215,1,4,2,2024-08-23,6,5714.0,1438.0
B-26144,215,10,5,2,2024-08-23,10,3853.0,1457.0
B-25406,216,3,1,2,2020-10-28,20,6016.0,431.0
B-25406,350,3,1,9,2020-10-28,20,6016.0,431.0
B-25658,217,7,1,3,2024-06-15,12,1290.0,204.0
B-25658,218,7,1,12,2024-12-19,12,1290.0,204.0
B-25733,219,2,1,7,2020-09-04,10,4569.0,1693.0
B-26993,220,12,2,4,2022-04-16,16,3083.0,1151.0
B-26964,221,3,4,15,2024-08-29,15,3522.0,898.0
B-26964,222,3,4,5,2022-01-14,15,3522.0,898.0
B-26955,223,10,2,16,2024-04-07,3,7301.0,3602.0
B-26059,224,4,5,7,2022-04-24,8,4462.0,121.0
B-26059,224,11,5,7,2022-04-24,17,6212.0,1881.0
B-26806,225,12,3,17,2020-08-27,3,4027.0,1386.0
B-26299,226,4,3,15,2023-03-01,14,1676.0,330.0
B-26299,226,12,5,15,2023-03-01,12,3927.0,1133.0
B-26299,226,11,2,15,2023-03-01,9,2776.0,887.0
B-26743,227,8,5,2,2020-10-02,12,7684.0,1157.0
B-26743,228,8,5,3,2020-06-23,12,7684.0,1157.0
B-26743,229,8,5,13,2023-08-21,12,7684.0,1157.0
B-26757,230,11,4,1,2022-07-16,17,6008.0,2498.0
B-26772,231,12,5,9,2022-08-01,20,7344.0,2598.0
B-26088,232,3,5,4,2020-07-16,20,6932.0,3218.0
B-26319,233,1,3,14,2020-05-02,16,7748.0,1706.0
B-26319,233,7,1,14,2020-05-02,20,6381.0,2763.0
B-26319,233,11,4,14,2020-05-02,6,992.0,64.0
B-25364,234,4,3,12,2024-01-10,13,8649.0,2631.0
B-25364,235,4,3,8,2020-09-30,13,8649.0,2631.0
B-25655,236,4,1,6,2022-03-28,18,4099.0,52.0
B-26864,237,1,1,12,2021-01-30,5,2539.0,324.0
B-26019,238,9,5,4,2025-03-14,9,9845.0,3062.0
B-25849,239,9,2,11,2021-10-26,2,2901.0,1411.0
B-25849,240,9,2,5,2023-01-11,2,2901.0,1411.0
B-25849,239,3,4,11,2021-10-26,6,6934.0,1152.0
B-25849,240,3,4,5,2023-01-11,6,6934.0,1152.0
B-25829,241,12,4,18,2021-10-31,2,9640.0,2606.0
B-26065,242,6,4,15,2023-05-04,13,7930.0,1981.0
B-26065,243,6,4,7,2024-08-09,13,7930.0,1981.0
B-25267,244,10,5,10,2022-08-21,1,9894.0,829.0
B-25267,244,5,5,10,2022-08-21,4,4534.0,2235.0
B-25972,245,11,2,3,2022-06-19,20,4911.0,186.0
B-25972,245,12,2,3,2022-06-19,20,531.0,189.0
B-25511,246,1,3,18,2025-01-29,10,9707.0,3483.0
B-25511,246,9,5,18,2025-01-29,7,8521.0,2584.0
B-25744,247,10,4,3,2022-01-14,12,8438.0,3427.0
B-25744,247,1,1,3,2022-01-14,9,1689.0,109.0
B-25744,247,9,5,3,2022-01-14,14,3936.0,1626.0
B-26805,248,11,2,14,2023-06-15,19,7664.0,1753.0
B-25620,249,4,2,18,2023-10-18,13,721.0,258.0
B-25620,250,4,2,3,2022-06-13,13,721.0,258.0
B-25620,249,4,4,18,2023-10-18,17,8364.0,3055.0
B-25620,250,4,4,3,2022-06-13,17,8364.0,3055.0
B-25620,249,12,3,18,2023-10-18,15,5234.0,2021.0
B-25620,250,12,3,3,2022-06-13,15,5234.0,2021.0
B-25325,251,11,4,12,2024-06-12,18,3944.0,1559.0
B-25325,251,3,4,12,2024-06-12,12,6711.0,1045.0
B-25325,251,5,4,12,2024-06-12,4,5031.0,714.0
B-25325,251,10,3,12,2024-06-12,14,6295.0,2469.0
B-25131,252,9,1,12,2022-06-27,1,9654.0,4111.0
B-25131,252,10,5,12,2022-06-27,20,3112.0,1065.0
B-26654,253,11,1,12,2021-02-18,13,7838.0,1142.0
B-26654,253,11,4,12,2021-02-18,6,9300.0,3146.0
B-26654,253,9,2,12,2021-02-18,17,1733.0,133.0
B-26195,254,10,2,8,2023-05-29,15,874.0,235.0
B-26195,255,10,2,1,2021-06-04,15,874.0,235.0
B-25842,256,3,3,13,2024-01-22,13,1248.0,584.0
B-25842,257,3,3,12,2022-12-27,13,1248.0,584.0
B-25842,256,7,3,13,2024-01-22,14,3669.0,154.0
B-25842,257,7,3,12,2022-12-27,14,3669.0,154.0
B-25842,256,9,2,13,2024-01-22,15,514.0,109.0
B-25842,257,9,2,12,2022-12-27,15,514.0,109.0
B-25851,258,11,1,14,2024-03-30,16,3273.0,85.0
B-25427,259,6,5,1,2020-04-04,2,5035.0,2008.0
B-25427,259,2,1,1,2020-04-04,19,7702.0,60.0
B-25427,259,2,3,1,2020-04-04,7,9884.0,4446.0
B-26224,260,4,5,2,2023-01-22,11,5564.0,175.0
B-26224,261,4,5,16,2022-04-12,11,5564.0,175.0
B-26224,262,4,5,1,2023-12-13,11,5564.0,175.0
B-26224,260,1,1,2,2023-01-22,15,3953.0,1776.0
B-26224,261,1,1,16,2022-04-12,15,3953.0,1776.0
B-26224,262,1,1,1,2023-12-13,15,3953.0,1776.0
B-26896,263,2,3,9,2023-05-24,18,6488.0,1591.0
B-26896,264,2,3,16,2020-11-29,18,6488.0,1591.0
B-26469,265,1,1,4,2021-03-24,17,7856.0,3699.0
B-26469,265,3,3,4,2021-03-24,3,1165.0,51.0
B-26219,266,7,4,10,2020-08-19,20,9386.0,2555.0
B-26219,267,7,4,15,2022-10-20,20,9386.0,2555.0
B-26119,268,3,2,17,2023-09-20,12,3956.0,142.0
B-26119,269,3,2,9,2024-12-26,12,3956.0,142.0
B-26119,268,12,3,17,2023-09-20,11,6449.0,2628.0
B-26119,269,12,3,9,2024-12-26,11,6449.0,2628.0
B-26988,270,7,5,8,2021-12-03,18,6255.0,437.0
B-26988,270,1,1,8,2021-12-03,20,2109.0,681.0
B-25596,271,11,4,11,2021-09-14,20,6707.0,1041.0
B-26845,272,3,5,7,2021-09-30,13,7633.0,184.0
B-25099,273,3,5,10,2021-12-22,18,975.0,224.0
B-25099,273,5,3,10,2021-12-22,7,4492.0,1450.0
B-25099,273,6,1,10,2021-12-22,12,7957.0,2834.0
B-26153,274,5,2,16,2022-05-18,7,4906.0,975.0
B-25060,275,3,4,3,2020-10-08,3,1379.0,250.0
B-25060,275,4,2,3,2020-10-08,10,4244.0,340.0
B-26572,276,12,3,10,2022-08-20,14,5911.0,2333.0
B-26572,277,12,3,12,2024-11-25,14,5911.0,2333.0
B-26572,276,7,3,10,2022-08-20,11,1818.0,738.0
B-26572,277,7,3,12,2024-11-25,11,1818.0,738.0
B-25919,278,9,4,10,2020-09-30,4,2140.0,970.0
B-25919,279,9,4,4,2025-02-20,4,2140.0,970.0
B-25919,280,9,4,12,2022-03-20,4,2140.0,970.0
B-25919,278,4,2,10,2020-09-30,1,2670.0,1026.0
B-25919,279,4,2,4,2025-02-20,1,2670.0,1026.0
B-25919,280,4,2,12,2022-03-20,1,2670.0,1026.0
B-26978,281,4,2,7,2025-03-07,18,1108.0,167.0
B-26978,281,10,1,7,2025-03-07,9,9776.0,3750.0
B-26978,281,12,5,7,2025-03-07,6,535.0,72.0
B-26554,282,9,4,17,2024-06-16,5,7564.0,3463.0
B-26554,283,9,4,18,2020-11-21,5,7564.0,3463.0
B-26554,284,9,4,1,2024-10-01,5,7564.0,3463.0
B-26554,285,9,4,16,2024-07-01,5,7564.0,3463.0
B-26554,282,1,1,17,2024-06-16,20,3409.0,1605.0
B-26554,283,1,1,18,2020-11-21,20,3409.0,1605.0
B-26554,284,1,1,1,2024-10-01,20,3409.0,1605.0
B-26554,285,1,1,16,2024-07-01,20,3409.0,1605.0
B-26883,286,3,5,3,2020-11-23,13,9751.0,2459.0
B-26883,304,3,5,8,2020-11-23,13,9751.0,2459.0
B-25423,287,2,4,4,2023-03-18,11,6385.0,2656.0
B-25423,288,2,4,17,2022-10-19,11,6385.0,2656.0
B-26324,289,1,2,11,2023-08-31,15,6355.0,1335.0
B-26324,290,1,2,11,2021-06-06,15,6355.0,1335.0
B-26945,291,2,2,11,2022-12-21,15,7377.0,320.0
B-26945,291,7,3,11,2022-12-21,12,2054.0,371.0
B-26405,292,6,5,18,2024-02-12,18,7497.0,319.0
B-26046,293,1,2,1,2022-12-05,20,2565.0,983.0
B-26046,293,3,5,1,2022-12-05,19,5024.0,1544.0
B-25746,294,10,2,16,2021-04-04,15,8243.0,1346.0
B-25232,295,9,1,18,2021-02-12,13,7792.0,1403.0
B-25232,296,9,1,8,2022-12-27,13,7792.0,1403.0
B-25232,297,9,1,10,2024-01-19,13,7792.0,1403.0
B-25232,295,6,2,18,2021-02-12,14,2346.0,388.0
B-25232,296,6,2,8,2022-12-27,14,2346.0,388.0
B-25232,297,6,2,10,2024-01-19,14,2346.0,388.0
B-25591,298,8,4,13,2022-12-25,10,7346.0,1043.0
B-25591,298,1,1,13,2022-12-25,7,9770.0,4132.0
B-25591,298,4,4,13,2022-12-25,13,7179.0,683.0
B-26325,299,11,1,1,2022-10-06,2,5449.0,2389.0
B-25251,300,6,5,3,2020-04-27,6,2895.0,104.0
B-25251,301,6,5,16,2024-05-13,6,2895.0,104.0
B-25251,300,6,1,3,2020-04-27,1,697.0,116.0
B-25251,301,6,1,16,2024-05-13,1,697.0,116.0
B-25464,302,6,5,5,2020-10-23,4,6145.0,1414.0
B-25464,302,2,1,5,2020-10-23,18,2504.0,440.0
B-25464,302,11,2,5,2020-10-23,16,3124.0,138.0
B-26678,303,1,2,14,2021-06-11,1,6934.0,1226.0
B-26678,286,1,2,3,2021-09-08,1,6934.0,1226.0
B-26678,304,1,2,8,2021-09-08,1,6934.0,1226.0
B-25962,305,7,5,18,2022-11-23,3,4202.0,1171.0
B-25962,306,7,5,8,2022-10-31,3,4202.0,1171.0
B-25962,307,7,5,17,2023-11-06,3,4202.0,1171.0
B-25962,308,7,5,16,2023-11-12,3,4202.0,1171.0
B-26586,309,2,1,5,2023-06-26,1,2239.0,828.0
B-26586,310,2,1,2,2023-09-30,1,2239.0,828.0
B-26586,309,11,2,5,2023-06-26,4,2450.0,1002.0
B-26586,310,11,2,2,2023-09-30,4,2450.0,1002.0
B-26841,311,6,2,6,2020-09-12,13,9827.0,4208.0
B-26841,311,8,4,6,2020-09-12,15,8077.0,240.0
B-26284,312,11,1,7,2020-11-27,14,5152.0,2045.0
B-26284,313,11,1,5,2022-08-25,14,5152.0,2045.0
B-26284,314,11,1,2,2023-08-23,14,5152.0,2045.0
B-26284,315,11,1,8,2023-10-11,14,5152.0,2045.0
B-26478,316,7,4,16,2022-04-21,1,2542.0,190.0
B-26679,317,7,1,12,2023-09-14,5,8102.0,1800.0
B-26679,318,7,1,3,2020-04-29,5,8102.0,1800.0
B-26679,319,7,1,15,2020-12-15,5,8102.0,1800.0
B-26679,317,5,3,12,2023-09-14,10,3234.0,1274.0
B-26679,318,5,3,3,2020-04-29,10,3234.0,1274.0
B-26679,319,5,3,15,2020-12-15,10,3234.0,1274.0
B-26397,320,5,4,5,2024-07-11,18,6200.0,2321.0
B-26397,321,5,4,1,2024-09-21,18,6200.0,2321.0
B-25957,322,4,1,5,2025-02-02,13,4470.0,413.0
B-26916,323,3,1,7,2022-10-21,7,916.0,362.0
B-26916,324,3,1,12,2020-10-21,7,916.0,362.0
B-26916,323,8,1,7,2022-10-21,20,1165.0,302.0
B-26916,324,8,1,12,2020-10-21,20,1165.0,302.0
B-26916,323,6,1,7,2022-10-21,12,7846.0,677.0
B-26916,324,6,1,12,2020-10-21,12,7846.0,677.0
B-25925,325,3,4,11,2022-01-11,1,3022.0,384.0
B-25925,326,3,4,2,2021-02-17,1,3022.0,384.0
B-25925,325,1,2,11,2022-01-11,13,5266.0,1111.0
B-25925,326,1,2,2,2021-02-17,13,5266.0,1111.0
B-25602,327,3,2,4,2021-11-06,9,4853.0,1764.0
B-25602,328,3,2,16,2022-08-30,9,4853.0,1764.0
B-26592,329,3,5,12,2022-10-07,1,9832.0,1270.0
B-26592,329,3,4,12,2022-10-07,15,796.0,153.0
B-26251,330,6,5,12,2023-06-04,7,883.0,127.0
B-26251,330,12,2,12,2023-06-04,8,4539.0,1155.0
B-26251,330,10,2,12,2023-06-04,16,9659.0,2226.0
B-25979,331,2,2,10,2022-05-13,2,9562.0,325.0
B-25437,332,4,4,12,2023-01-23,3,4688.0,1841.0
B-25437,333,4,4,10,2021-07-25,3,4688.0,1841.0
B-26986,334,11,5,13,2025-03-08,4,7900.0,482.0
B-25990,335,12,5,14,2022-12-25,17,6967.0,3257.0
B-25990,335,9,5,14,2022-12-25,6,1091.0,277.0
B-25990,335,10,4,14,2022-12-25,2,6027.0,1530.0
B-25222,336,5,3,9,2024-04-24,2,4852.0,218.0
B-25222,337,5,3,17,2021-12-24,2,4852.0,218.0
B-25222,338,5,3,7,2023-09-07,2,4852.0,218.0
B-26402,339,8,5,17,2021-08-10,6,4314.0,1453.0
B-26792,340,3,3,11,2024-05-26,3,3288.0,1477.0
B-26792,341,3,3,7,2022-02-19,3,3288.0,1477.0
B-25154,342,10,4,6,2024-12-09,5,3977.0,813.0
B-26114,343,2,3,2,2023-06-01,2,6252.0,1377.0
B-26485,344,3,2,3,2023-11-05,12,9084.0,3253.0
B-26191,345,11,4,10,2020-06-21,15,8994.0,1481.0
B-26754,346,7,3,9,2020-10-26,16,1089.0,176.0
B-25953,347,10,1,7,2022-06-06,19,6690.0,1001.0
B-25953,348,10,1,2,2021-11-13,19,6690.0,1001.0
B-25953,347,12,4,7,2022-06-06,10,4985.0,1920.0
B-25953,348,12,4,2,2021-11-13,10,4985.0,1920.0
B-26516,349,1,3,1,2021-11-11,15,8590.0,3565.0
B-26516,349,5,5,1,2021-11-11,10,6973.0,3038.0
B-26843,216,2,3,2,2021-07-31,19,4591.0,1941.0
B-26843,350,2,3,9,2021-07-31,19,4591.0,1941.0
B-26843,216,3,4,2,2021-07-31,17,9612.0,2572.0
B-26843,350,3,4,9,2021-07-31,17,9612.0,2572.0
B-26167,351,6,3,10,2024-04-13,1,5343.0,655.0
B-26972,352,7,2,7,2022-04-19,20,6956.0,318.0
B-25673,353,5,3,3,2024-03-23,17,5306.0,2405.0
B-25673,762,5,3,15,2024-03-23,17,5306.0,2405.0
B-26587,354,8,1,6,2021-05-07,17,8982.0,448.0
B-26587,354,9,2,6,2021-05-07,5,4826.0,562.0
B-26668,355,3,3,14,2022-05-06,15,972.0,106.0
B-26906,356,7,4,1,2021-08-09,4,3665.0,802.0
B-26906,357,7,4,17,2025-02-09,4,3665.0,802.0
B-25226,358,3,1,5,2024-04-23,2,9808.0,2117.0
B-25166,359,6,1,15,2023-02-23,17,1133.0,73.0
B-25166,360,6,1,10,2024-06-06,17,1133.0,73.0
B-25166,359,12,5,15,2023-02-23,19,6248.0,1168.0
B-25166,360,12,5,10,2024-06-06,19,6248.0,1168.0
B-25454,361,1,4,17,2025-01-27,17,5666.0,2733.0
B-26215,362,7,5,9,2023-04-07,18,4171.0,1450.0
B-25777,363,2,4,7,2022-01-20,7,6236.0,2839.0
B-25777,364,2,4,4,2022-05-10,7,6236.0,2839.0
B-25383,365,6,4,5,2024-05-29,8,5410.0,2456.0
B-25383,366,6,4,17,2022-01-04,8,5410.0,2456.0
B-26409,367,8,4,5,2024-05-02,1,3024.0,1353.0
B-26409,368,8,4,13,2021-12-28,1,3024.0,1353.0
B-26684,369,7,1,7,2022-12-12,5,7434.0,2851.0
B-26726,370,1,2,9,2023-08-17,19,7213.0,508.0
B-26726,371,1,2,14,2021-11-29,19,7213.0,508.0
B-26726,370,5,3,9,2023-08-17,9,3176.0,586.0
B-26726,371,5,3,14,2021-11-29,9,3176.0,586.0
B-26136,372,10,4,1,2021-06-13,18,9144.0,2220.0
B-26098,373,5,3,16,2022-07-04,19,4146.0,865.0
B-26098,373,5,3,16,2022-07-04,7,3793.0,875.0
B-25430,374,8,5,5,2021-06-27,11,7169.0,2385.0
B-25430,374,6,4,5,2021-06-27,18,4046.0,417.0
B-25266,375,11,5,10,2023-12-04,11,4164.0,905.0
B-25266,375,5,1,10,2023-12-04,5,5389.0,2196.0
B-25283,376,8,5,6,2022-08-09,5,5448.0,2204.0
B-25227,377,8,1,4,2020-04-08,1,4115.0,1285.0
B-25227,377,5,1,4,2020-04-08,12,4761.0,2231.0
B-25669,378,10,3,3,2023-10-20,6,5899.0,2264.0
B-25064,379,6,3,3,2022-02-10,9,6109.0,3040.0
B-25064,380,6,3,8,2023-10-05,9,6109.0,3040.0
B-25064,379,1,1,3,2022-02-10,17,4628.0,1491.0
B-25064,380,1,1,8,2023-10-05,17,4628.0,1491.0
B-26268,381,3,4,18,2022-09-22,13,4369.0,584.0
B-26268,382,3,4,11,2021-04-03,13,4369.0,584.0
B-25456,383,8,4,5,2021-05-03,20,5632.0,2358.0
B-25456,384,8,4,1,2024-02-11,20,5632.0,2358.0
B-25456,385,8,4,15,2025-02-04,20,5632.0,2358.0
B-25495,386,9,1,10,2022-10-12,14,7519.0,402.0
B-25495,386,1,2,10,2022-10-12,13,1564.0,674.0
B-26552,387,1,4,11,2022-02-06,10,2804.0,936.0
B-26552,388,1,4,17,2020-11-09,10,2804.0,936.0
B-26552,389,1,4,17,2023-05-03,10,2804.0,936.0
B-25203,390,6,3,7,2022-10-04,6,2321.0,505.0
B-25462,391,4,5,17,2024-08-21,6,5730.0,482.0
B-26145,392,8,5,2,2021-11-20,12,7441.0,867.0
B-26145,393,8,5,11,2020-05-13,12,7441.0,867.0
B-25552,394,10,1,6,2023-02-28,7,1732.0,766.0
B-25552,394,9,3,6,2023-02-28,19,8788.0,3944.0
B-26069,395,7,3,13,2021-01-21,11,838.0,271.0
B-26069,396,7,3,18,2022-02-28,11,838.0,271.0
B-26069,395,5,1,13,2021-01-21,2,3577.0,699.0
B-26069,396,5,1,18,2022-02-28,2,3577.0,699.0
B-25120,397,11,2,9,2024-04-25,6,7122.0,1836.0
B-25120,398,11,2,16,2023-03-10,6,7122.0,1836.0
B-25120,399,11,2,6,2023-07-10,6,7122.0,1836.0
B-25120,397,7,4,9,2024-04-25,15,7327.0,2596.0
B-25120,398,7,4,16,2023-03-10,15,7327.0,2596.0
B-25120,399,7,4,6,2023-07-10,15,7327.0,2596.0
B-26146,400,2,5,17,2024-07-28,18,2239.0,1094.0
B-26146,400,7,5,17,2024-07-28,1,4932.0,1153.0
B-25549,401,2,1,4,2023-07-30,8,4609.0,1084.0
B-25549,401,9,1,4,2023-07-30,4,2328.0,788.0
B-25549,401,2,2,4,2023-07-30,7,4734.0,958.0
B-25488,402,8,1,6,2024-10-05,5,1388.0,345.0
B-25488,402,4,4,6,2024-10-05,8,8555.0,1638.0
B-26885,403,5,4,9,2024-02-20,4,9024.0,730.0
B-26885,403,4,4,9,2024-02-20,4,2468.0,418.0
B-25703,404,1,5,4,2023-04-19,4,9438.0,1801.0
B-25703,405,1,5,11,2023-10-29,4,9438.0,1801.0
B-25809,406,11,1,15,2022-03-08,18,2685.0,379.0
B-25809,407,11,1,17,2022-12-08,18,2685.0,379.0
B-25809,406,6,1,15,2022-03-08,14,9916.0,4602.0
B-25809,407,6,1,17,2022-12-08,14,9916.0,4602.0
B-25809,406,1,4,15,2022-03-08,14,6184.0,50.0
B-25809,407,1,4,17,2022-12-08,14,6184.0,50.0
B-25809,406,7,2,15,2022-03-08,8,4548.0,2135.0
B-25809,407,7,2,17,2022-12-08,8,4548.0,2135.0
B-25477,408,7,5,8,2024-07-27,7,7195.0,1665.0
B-25477,409,7,5,3,2022-07-05,7,7195.0,1665.0
B-26018,410,12,5,11,2024-07-04,18,3098.0,957.0
B-25329,411,5,4,10,2024-02-28,18,5412.0,1192.0
B-25329,412,5,4,5,2025-01-03,18,5412.0,1192.0
B-25182,413,6,4,6,2021-12-07,11,1397.0,686.0
B-25492,414,6,3,3,2021-12-14,14,9279.0,552.0
B-25492,415,6,3,12,2020-11-30,14,9279.0,552.0
B-25492,414,9,4,3,2021-12-14,19,2596.0,1003.0
B-25492,415,9,4,12,2020-11-30,19,2596.0,1003.0
B-25517,416,12,3,3,2021-12-29,19,6732.0,911.0
B-25517,416,3,3,3,2021-12-29,14,4495.0,1408.0
B-25200,417,9,1,3,2024-07-08,6,9653.0,2471.0
B-26009,418,5,1,18,2021-02-10,10,8945.0,1728.0
B-26580,419,12,5,13,2020-10-21,13,4007.0,201.0
B-26580,420,12,5,9,2023-04-17,13,4007.0,201.0
B-25679,421,12,3,17,2020-10-21,18,810.0,231.0
B-26034,422,12,2,8,2023-12-28,18,9789.0,2071.0
B-26034,422,1,5,8,2023-12-28,8,9229.0,4090.0
B-25148,423,7,2,8,2022-12-23,18,8141.0,3968.0
B-25148,424,7,2,18,2022-08-10,18,8141.0,3968.0
B-25148,423,8,3,8,2022-12-23,14,1067.0,251.0
B-25148,424,8,3,18,2022-08-10,14,1067.0,251.0
B-25830,425,10,1,5,2023-10-17,10,3839.0,1415.0
B-25830,426,10,1,4,2022-02-28,10,3839.0,1415.0
B-25762,427,1,5,11,2024-05-24,13,2858.0,482.0
B-26794,428,12,2,6,2020-10-02,12,2137.0,638.0
B-26794,428,6,2,6,2020-10-02,12,2831.0,1289.0
B-25011,429,8,1,13,2024-02-10,15,3913.0,961.0
B-25011,430,8,1,12,2021-02-06,15,3913.0,961.0
B-25515,431,9,5,17,2022-03-16,9,4468.0,1940.0
B-25369,432,4,4,14,2020-05-24,9,1579.0,602.0
B-25369,433,4,4,9,2025-02-16,9,1579.0,602.0
B-25369,434,4,4,14,2021-11-16,9,1579.0,602.0
B-25369,435,4,4,8,2024-09-08,9,1579.0,602.0
B-25369,432,6,3,14,2020-05-24,19,3760.0,1849.0
B-25369,433,6,3,9,2025-02-16,19,3760.0,1849.0
B-25369,434,6,3,14,2021-11-16,19,3760.0,1849.0
B-25369,435,6,3,8,2024-09-08,19,3760.0,1849.0
B-26222,436,3,4,2,2022-06-29,14,8706.0,3099.0
B-26222,436,1,4,2,2022-06-29,14,4708.0,696.0
B-26222,436,6,5,2,2022-06-29,17,8089.0,3132.0
B-25316,437,2,2,11,2022-11-03,12,5462.0,673.0
B-25507,438,1,4,17,2023-11-28,18,6392.0,444.0
B-25846,439,1,2,4,2020-04-25,3,8706.0,1724.0
B-25763,440,3,1,1,2022-01-18,4,2349.0,319.0
B-25763,440,6,1,1,2022-01-18,14,8220.0,3882.0
B-25763,440,6,2,1,2022-01-18,7,2379.0,279.0
B-25763,440,7,1,1,2022-01-18,4,7377.0,2049.0
B-25465,441,5,4,15,2022-03-23,16,717.0,158.0
B-25465,442,5,4,1,2020-06-24,16,717.0,158.0
B-25465,443,5,4,3,2022-12-23,16,717.0,158.0
B-25465,444,5,4,6,2024-11-24,16,717.0,158.0
B-25465,445,5,4,4,2020-11-06,16,717.0,158.0
B-25465,446,5,4,8,2023-10-24,16,717.0,158.0
B-25465,441,8,1,15,2022-03-23,17,508.0,177.0
B-25465,442,8,1,1,2020-06-24,17,508.0,177.0
B-25465,443,8,1,3,2022-12-23,17,508.0,177.0
B-25465,444,8,1,6,2024-11-24,17,508.0,177.0
B-25465,445,8,1,4,2020-11-06,17,508.0,177.0
B-25465,446,8,1,8,2023-10-24,17,508.0,177.0
B-26352,447,2,2,2,2023-07-18,3,9382.0,1085.0
B-26352,448,2,2,8,2022-05-16,3,9382.0,1085.0
B-26352,447,5,5,2,2023-07-18,19,4936.0,576.0
B-26352,448,5,5,8,2022-05-16,19,4936.0,576.0
B-26528,449,8,5,12,2024-06-16,19,2663.0,64.0
B-26528,450,8,5,15,2021-10-23,19,2663.0,64.0
B-26670,451,2,3,16,2022-10-22,5,5151.0,1680.0
B-25331,452,3,1,8,2023-07-17,8,2514.0,95.0
B-25832,453,4,3,6,2025-02-24,2,6129.0,2976.0
B-25832,453,12,5,6,2025-02-24,3,4395.0,1663.0
B-25897,454,6,1,14,2021-03-07,8,5393.0,2642.0
B-25713,455,11,4,3,2021-01-03,8,2280.0,509.0
B-25065,456,9,2,14,2023-05-03,9,6596.0,1439.0
B-25949,457,9,3,5,2023-10-25,5,4510.0,1896.0
B-26033,458,11,5,6,2022-08-21,18,6077.0,2378.0
B-26017,459,2,5,13,2022-04-16,17,5379.0,2510.0
B-26926,460,7,3,10,2023-04-02,16,4629.0,1660.0
B-26258,461,4,2,2,2024-10-21,20,2710.0,555.0
B-26258,461,10,1,2,2024-10-21,14,3224.0,1018.0
B-26240,462,7,3,7,2021-07-09,15,8042.0,936.0
B-26240,463,7,3,5,2022-04-08,15,8042.0,936.0
B-26922,464,10,3,11,2022-04-30,10,3957.0,151.0
B-26894,465,7,2,2,2023-01-20,16,8769.0,3178.0
B-25330,466,3,2,2,2024-11-17,16,2957.0,917.0
B-26288,467,9,2,9,2022-04-23,6,5344.0,2607.0
B-26288,468,9,2,8,2025-02-18,6,5344.0,2607.0
B-25228,469,4,3,15,2021-05-27,19,6061.0,2121.0
B-25228,470,4,3,10,2022-01-17,19,6061.0,2121.0
B-26457,471,5,4,6,2025-01-15,7,5376.0,1928.0
B-25790,472,2,5,1,2021-02-14,8,2792.0,1008.0
B-25868,473,10,4,13,2024-08-31,5,2944.0,249.0
B-25868,474,10,4,9,2022-12-26,5,2944.0,249.0
B-25381,475,7,3,7,2024-03-21,13,4220.0,945.0
B-25381,476,7,3,18,2020-12-15,13,4220.0,945.0
B-25153,477,10,2,11,2023-03-21,4,8526.0,1704.0
B-26576,478,12,4,12,2023-06-08,19,8218.0,1430.0
B-26526,479,11,4,3,2022-07-17,4,599.0,265.0
B-26526,480,11,4,8,2024-12-05,4,599.0,265.0
B-26526,479,12,4,3,2022-07-17,10,2727.0,543.0
B-26526,480,12,4,8,2024-12-05,10,2727.0,543.0
B-25819,481,3,3,12,2023-11-02,11,2589.0,605.0
B-25819,482,3,3,15,2024-10-05,11,2589.0,605.0
B-25698,483,1,3,11,2022-11-13,9,3776.0,1100.0
B-25698,484,1,3,18,2022-12-28,9,3776.0,1100.0
B-26820,485,12,3,15,2025-02-26,12,5402.0,1666.0
B-25396,486,3,3,18,2022-11-12,16,5165.0,885.0
B-25396,486,12,3,18,2022-11-12,4,4863.0,2394.0
B-25529,487,3,3,4,2021-06-07,15,1626.0,258.0
B-26501,488,5,3,1,2020-09-26,7,8851.0,3962.0
B-26910,489,5,5,8,2024-04-29,9,9680.0,3295.0
B-26910,489,3,1,8,2024-04-29,8,8468.0,3666.0
B-26910,489,6,2,8,2024-04-29,14,4441.0,314.0
B-25978,490,8,5,6,2024-04-10,8,6622.0,2673.0
B-26537,491,5,1,10,2023-12-21,17,3260.0,207.0
B-25881,492,5,2,11,2024-05-02,8,8709.0,2322.0
B-25881,493,5,2,12,2024-11-21,8,8709.0,2322.0
B-25237,494,10,5,14,2022-03-17,1,5250.0,187.0
B-25237,495,10,5,16,2023-05-14,1,5250.0,187.0
B-26122,496,9,1,5,2024-10-07,20,4116.0,921.0
B-26122,497,9,1,7,2020-09-08,20,4116.0,921.0
B-25709,498,9,1,5,2021-08-19,15,1109.0,418.0
B-26656,203,3,3,14,2022-10-12,7,3573.0,562.0
B-26656,499,3,3,8,2022-10-12,7,3573.0,562.0
B-26656,500,3,3,10,2020-05-23,7,3573.0,562.0
B-26656,501,3,3,17,2020-04-18,7,3573.0,562.0
B-26656,203,11,3,14,2022-10-12,10,8055.0,661.0
B-26656,499,11,3,8,2022-10-12,10,8055.0,661.0
B-26656,500,11,3,10,2020-05-23,10,8055.0,661.0
B-26656,501,11,3,17,2020-04-18,10,8055.0,661.0
B-25801,502,4,3,12,2022-06-04,2,6829.0,2609.0
B-25801,502,9,5,12,2022-06-04,12,6390.0,3089.0
B-25006,503,3,2,12,2022-11-16,17,5831.0,1574.0
B-25006,504,3,2,10,2024-07-18,17,5831.0,1574.0
B-25006,505,3,2,1,2023-07-16,17,5831.0,1574.0
B-26106,506,8,2,18,2020-08-10,8,7952.0,3865.0
B-25789,507,12,1,5,2024-06-22,5,3659.0,379.0
B-26292,508,3,2,7,2020-07-13,4,4183.0,1159.0
B-25895,509,11,3,16,2024-04-16,11,7478.0,1381.0
B-25813,510,11,5,17,2021-03-13,9,702.0,238.0
B-26863,511,6,3,12,2023-04-01,15,4037.0,1494.0
B-25759,512,6,5,2,2020-11-10,2,5014.0,2332.0
B-26357,513,4,2,8,2023-06-08,15,9879.0,4930.0
B-26819,514,11,2,17,2021-08-17,1,8762.0,3502.0
B-25502,515,3,3,6,2020-05-24,1,8490.0,800.0
B-25258,516,8,1,3,2021-08-12,10,6951.0,164.0
B-26878,517,11,4,15,2022-09-03,3,1078.0,309.0
B-26878,518,11,4,2,2020-10-01,3,1078.0,309.0
B-25170,519,10,3,17,2022-05-27,19,8560.0,2166.0
B-25170,519,1,1,17,2022-05-27,20,1031.0,318.0
B-26842,520,7,2,4,2024-03-10,19,6402.0,2770.0
B-26842,521,7,2,4,2023-10-05,19,6402.0,2770.0
B-26842,520,2,2,4,2024-03-10,19,5916.0,1594.0
B-26842,521,2,2,4,2023-10-05,19,5916.0,1594.0
B-26599,522,6,2,12,2022-08-28,15,4015.0,1751.0
B-26599,523,6,2,6,2020-09-08,15,4015.0,1751.0
B-25705,524,1,5,5,2021-04-27,11,9335.0,557.0
B-26366,525,10,5,15,2021-08-21,11,4706.0,594.0
B-26366,526,10,5,13,2021-05-16,11,4706.0,594.0
B-26366,525,7,1,15,2021-08-21,6,6584.0,371.0
B-26366,526,7,1,13,2021-05-16,6,6584.0,371.0
B-26116,527,8,3,9,2022-01-15,1,6389.0,734.0
B-26443,528,2,2,10,2023-03-21,12,9869.0,4299.0
B-26443,529,2,2,3,2023-12-28,12,9869.0,4299.0
B-25955,530,7,2,3,2022-02-15,4,655.0,297.0
B-25955,531,7,2,4,2023-11-30,4,655.0,297.0
B-26383,532,11,2,3,2023-01-12,10,798.0,308.0
B-26383,533,11,2,15,2023-05-19,10,798.0,308.0
B-26383,532,2,3,3,2023-01-12,13,7967.0,2504.0
B-26383,533,2,3,15,2023-05-19,13,7967.0,2504.0
B-26999,534,5,1,1,2024-02-19,5,3756.0,1318.0
B-26712,535,7,1,11,2021-12-01,1,5196.0,2477.0
B-26712,535,12,2,11,2021-12-01,19,6586.0,1794.0
B-26066,536,7,3,3,2024-12-19,19,6673.0,950.0
B-25996,537,5,1,13,2023-01-18,14,714.0,232.0
B-25996,538,5,1,11,2020-12-23,14,714.0,232.0
B-26924,539,3,5,11,2021-02-28,6,1083.0,501.0
B-25541,540,12,1,15,2023-05-04,10,2401.0,1163.0
B-25541,541,12,1,5,2020-04-22,10,2401.0,1163.0
B-25541,542,12,1,8,2021-08-13,10,2401.0,1163.0
B-25541,540,11,2,15,2023-05-04,11,1045.0,267.0
B-25541,541,11,2,5,2020-04-22,11,1045.0,267.0
B-25541,542,11,2,8,2021-08-13,11,1045.0,267.0
B-25196,543,7,4,9,2023-07-20,1,7806.0,1127.0
B-25855,544,8,4,1,2022-08-28,19,5263.0,1743.0
B-25071,545,3,2,9,2023-03-14,6,6147.0,2526.0
B-26159,546,11,1,4,2023-11-07,15,7484.0,2871.0
B-26159,547,11,1,2,2024-04-16,15,7484.0,2871.0
B-26159,546,8,4,4,2023-11-07,1,7700.0,2712.0
B-26159,547,8,4,2,2024-04-16,1,7700.0,2712.0
B-26228,548,7,1,8,2022-09-16,13,8537.0,3586.0
B-25888,549,6,5,10,2024-10-31,6,8858.0,3394.0
B-25574,550,2,2,12,2024-11-25,7,5313.0,2037.0
B-25574,551,2,2,16,2021-10-29,7,5313.0,2037.0
B-26938,552,8,3,5,2023-12-27,7,3281.0,471.0
B-26938,553,8,3,18,2023-06-25,7,3281.0,471.0
B-26379,554,3,4,6,2020-09-01,9,8681.0,2458.0
B-26623,555,8,3,7,2025-02-01,18,6195.0,1556.0
B-25566,556,6,2,8,2023-07-22,16,3877.0,481.0
B-25566,557,6,2,6,2022-02-04,16,3877.0,481.0
B-26740,558,2,2,4,2023-09-27,6,9369.0,3297.0
B-26740,559,2,2,6,2025-01-30,6,9369.0,3297.0
B-26740,558,2,4,4,2023-09-27,20,8680.0,4068.0
B-26740,559,2,4,6,2025-01-30,20,8680.0,4068.0
B-26740,558,4,1,4,2023-09-27,8,3067.0,1475.0
B-26740,559,4,1,6,2025-01-30,8,3067.0,1475.0
B-25024,560,7,3,14,2025-01-15,2,9002.0,4197.0
B-25024,561,7,3,13,2021-03-28,2,9002.0,4197.0
B-26367,562,3,5,13,2021-12-25,19,7105.0,2782.0
B-26353,563,6,2,13,2023-02-03,18,5317.0,1345.0
B-26353,564,6,2,4,2023-04-28,18,5317.0,1345.0
B-26353,565,6,2,12,2024-11-22,18,5317.0,1345.0
B-26353,563,5,3,13,2023-02-03,14,6304.0,766.0
B-26353,564,5,3,4,2023-04-28,14,6304.0,766.0
B-26353,565,5,3,12,2024-11-22,14,6304.0,766.0
B-25742,566,9,2,7,2024-07-02,3,9565.0,1691.0
B-25742,566,9,3,7,2024-07-02,11,8245.0,324.0
B-26965,567,4,2,15,2022-01-18,13,1592.0,480.0
B-26038,568,11,2,13,2024-10-08,5,8400.0,267.0
B-26038,568,9,3,13,2024-10-08,15,4963.0,1254.0
B-25317,569,2,5,10,2020-06-21,5,2472.0,211.0
B-25970,570,6,2,17,2023-12-14,14,9132.0,3096.0
B-25590,571,10,2,8,2020-12-16,6,8305.0,1577.0
B-25580,572,1,5,17,2025-03-15,19,1010.0,58.0
B-25443,573,11,3,9,2024-08-21,9,4544.0,1726.0
B-25443,573,11,1,9,2024-08-21,20,5900.0,1738.0
B-25774,574,7,4,10,2021-05-27,19,8861.0,3381.0
B-26505,575,11,2,14,2020-09-21,13,8158.0,2052.0
B-25163,576,3,1,5,2025-01-11,14,3411.0,1704.0
B-26095,577,7,1,16,2021-10-20,16,9406.0,1137.0
B-26095,577,2,3,16,2021-10-20,15,1156.0,74.0
B-25768,578,12,1,7,2021-10-19,10,5354.0,743.0
B-25328,579,1,4,11,2024-07-07,4,8780.0,3430.0
B-25328,580,1,4,11,2023-07-25,4,8780.0,3430.0
B-26573,581,8,2,13,2020-04-16,8,6783.0,3306.0
B-25138,582,3,4,6,2020-07-04,4,1778.0,285.0
B-26803,583,2,1,8,2022-05-16,12,9399.0,1949.0
B-26803,583,8,4,8,2022-05-16,4,7957.0,965.0
B-25101,584,6,3,7,2023-11-25,13,1638.0,661.0
B-25827,585,5,5,9,2021-08-17,4,1786.0,224.0
B-25792,586,9,3,3,2023-07-02,9,4751.0,781.0
B-25646,587,9,4,2,2020-08-24,4,8979.0,4477.0
B-25043,588,11,4,1,2022-11-07,8,2727.0,663.0
B-26598,589,2,4,18,2024-03-27,17,1093.0,397.0
B-26598,590,2,4,3,2024-09-01,17,1093.0,397.0
B-26598,591,2,4,13,2022-02-22,17,1093.0,397.0
B-26598,589,9,2,18,2024-03-27,11,2636.0,88.0
B-26598,590,9,2,3,2024-09-01,11,2636.0,88.0
B-26598,591,9,2,13,2022-02-22,11,2636.0,88.0
B-26643,592,1,2,1,2022-02-11,7,7344.0,2251.0
B-26643,592,9,5,1,2022-02-11,3,7306.0,1547.0
B-26643,592,2,5,1,2022-02-11,10,5832.0,2588.0
B-25992,593,5,3,7,2021-05-27,8,8572.0,2041.0
B-25992,594,5,3,7,2023-07-05,8,8572.0,2041.0
B-25992,595,5,3,10,2020-10-27,8,8572.0,2041.0
B-25992,593,2,4,7,2021-05-27,10,8059.0,1834.0
B-25992,594,2,4,7,2023-07-05,10,8059.0,1834.0
B-25992,595,2,4,10,2020-10-27,10,8059.0,1834.0
B-25532,596,8,3,11,2023-01-26,13,3661.0,436.0
B-25564,597,9,3,5,2021-09-06,8,2451.0,342.0
B-25564,598,9,3,14,2021-11-12,8,2451.0,342.0
B-25564,599,9,3,16,2024-07-30,8,2451.0,342.0
B-26543,600,5,4,12,2022-03-15,16,7067.0,1943.0
B-25976,601,1,1,6,2024-03-15,3,4307.0,615.0
B-25976,602,1,1,7,2020-11-10,3,4307.0,615.0
B-25976,601,6,3,6,2024-03-15,5,5694.0,1134.0
B-25976,602,6,3,7,2020-11-10,5,5694.0,1134.0
B-25929,603,10,4,7,2022-07-23,18,962.0,298.0
B-25497,604,12,4,3,2024-09-13,14,2995.0,220.0
B-25497,604,7,2,3,2024-09-13,5,2047.0,914.0
B-26735,605,4,5,11,2022-01-25,6,2078.0,612.0
B-25036,606,2,3,6,2021-04-19,3,2737.0,1253.0
B-25971,607,9,2,16,2021-07-18,6,8194.0,2881.0
B-25441,608,8,4,3,2022-06-24,16,9914.0,3858.0
B-25441,609,8,4,8,2024-06-08,16,9914.0,3858.0
B-25441,608,3,2,3,2022-06-24,7,5470.0,292.0
B-25441,609,3,2,8,2024-06-08,7,5470.0,292.0
B-25441,608,12,1,3,2022-06-24,17,1496.0,662.0
B-25441,609,12,1,8,2024-06-08,17,1496.0,662.0
B-25823,610,9,5,6,2022-09-29,9,3228.0,476.0
B-25363,611,4,4,10,2023-05-10,8,3918.0,749.0
B-25363,612,4,4,16,2020-05-02,8,3918.0,749.0
B-26445,613,8,3,2,2021-04-12,15,9921.0,1451.0
B-26724,614,6,3,7,2023-11-04,1,9694.0,4361.0
B-25447,615,9,3,17,2020-05-04,13,5028.0,1553.0
B-26904,616,9,2,3,2023-09-10,19,594.0,67.0
B-26904,617,9,2,1,2024-01-05,19,594.0,67.0
B-26904,618,9,2,11,2024-05-08,19,594.0,67.0
B-26456,619,5,5,14,2024-03-30,11,5954.0,2618.0
B-25435,620,12,1,12,2020-09-10,3,3518.0,1051.0
B-25435,620,4,3,12,2020-09-10,8,4157.0,1874.0
B-26279,621,7,4,7,2020-07-12,5,3747.0,410.0
B-26279,622,7,4,3,2022-12-08,5,3747.0,410.0
B-26279,623,7,4,13,2024-03-27,5,3747.0,410.0
B-26279,624,7,4,2,2023-02-17,5,3747.0,410.0
B-26279,625,7,4,5,2021-07-21,5,3747.0,410.0
B-26279,621,10,1,7,2020-07-12,4,3194.0,534.0
B-26279,622,10,1,3,2022-12-08,4,3194.0,534.0
B-26279,623,10,1,13,2024-03-27,4,3194.0,534.0
B-26279,624,10,1,2,2023-02-17,4,3194.0,534.0
B-26279,625,10,1,5,2021-07-21,4,3194.0,534.0
B-25770,626,10,5,17,2022-10-30,1,8548.0,2305.0
B-25715,627,5,2,14,2020-12-31,19,6089.0,139.0
B-25715,628,5,2,15,2022-04-15,19,6089.0,139.0
B-25715,629,5,2,2,2023-04-05,19,6089.0,139.0
B-25715,627,5,1,14,2020-12-31,16,2586.0,800.0
B-25715,628,5,1,15,2022-04-15,16,2586.0,800.0
B-25715,629,5,1,2,2023-04-05,16,2586.0,800.0
B-25715,627,9,1,14,2020-12-31,9,3757.0,1626.0
B-25715,628,9,1,15,2022-04-15,9,3757.0,1626.0
B-25715,629,9,1,2,2023-04-05,9,3757.0,1626.0
B-26961,630,8,2,10,2021-10-29,5,5193.0,2530.0
B-26961,631,8,2,1,2024-12-29,5,5193.0,2530.0
B-25902,632,1,1,15,2020-08-11,3,7493.0,96.0
B-26321,633,7,4,17,2024-03-04,6,2062.0,848.0
B-25612,634,11,3,10,2023-10-17,1,7163.0,1536.0
B-25605,635,11,5,6,2023-07-28,6,4026.0,163.0
B-25810,636,6,4,1,2021-11-27,5,1894.0,275.0
B-25810,636,1,4,1,2021-11-27,13,7144.0,192.0
B-25935,637,4,2,13,2020-09-09,15,3482.0,1554.0
B-26245,638,9,3,15,2021-06-02,5,4172.0,235.0
B-26245,639,9,3,4,2022-08-22,5,4172.0,235.0
B-26245,640,9,3,7,2024-04-16,5,4172.0,235.0
B-25346,641,8,5,14,2022-08-23,8,6265.0,155.0
B-25346,642,8,5,15,2021-03-12,8,6265.0,155.0
B-25594,643,1,4,18,2024-06-26,7,2931.0,212.0
B-25594,644,1,4,17,2023-12-08,7,2931.0,212.0
B-25471,645,6,2,17,2024-11-27,9,1146.0,188.0
B-25398,646,2,5,17,2022-01-10,13,9215.0,767.0
B-25398,647,2,5,12,2021-11-01,13,9215.0,767.0
B-25999,648,6,4,14,2023-10-28,1,7895.0,1005.0
B-25999,649,6,4,10,2025-03-01,1,7895.0,1005.0
B-25999,648,3,1,14,2023-10-28,8,2740.0,558.0
B-25999,649,3,1,10,2025-03-01,8,2740.0,558.0
B-25159,650,7,1,18,2024-08-01,16,5338.0,1354.0
B-25159,651,7,1,3,2023-06-07,16,5338.0,1354.0
B-25159,652,7,1,4,2024-10-21,16,5338.0,1354.0
B-25159,653,7,1,3,2021-01-04,16,5338.0,1354.0
B-25496,654,3,3,15,2022-04-19,2,3095.0,941.0
B-25496,655,3,3,11,2022-08-11,2,3095.0,941.0
B-25401,656,2,2,18,2023-08-04,13,6017.0,2230.0
B-25707,657,3,2,9,2020-04-25,2,4904.0,469.0
B-25707,657,10,1,9,2020-04-25,6,3080.0,737.0
B-26225,658,11,5,17,2024-12-14,2,1992.0,355.0
B-25662,659,8,3,4,2022-07-25,17,5346.0,1246.0
B-25662,660,8,3,1,2022-05-07,17,5346.0,1246.0
B-26752,661,2,2,12,2022-08-11,18,8422.0,893.0
B-26752,662,2,2,13,2022-08-12,18,8422.0,893.0
B-26752,661,12,4,12,2022-08-11,8,6105.0,1447.0
B-26752,662,12,4,13,2022-08-12,8,6105.0,1447.0
B-25640,663,3,3,16,2023-08-21,9,670.0,85.0
B-25030,664,4,4,10,2022-09-12,6,4057.0,1012.0
B-25504,665,3,1,5,2023-08-20,10,8178.0,2462.0
B-26912,666,5,2,14,2020-12-27,9,8752.0,1686.0
B-26912,667,5,2,18,2023-09-04,9,8752.0,1686.0
B-26912,668,5,2,2,2022-01-08,9,8752.0,1686.0
B-25193,669,2,3,6,2023-06-05,16,8974.0,4441.0
B-25106,670,11,4,9,2021-04-01,16,9090.0,3098.0
B-25106,671,11,4,7,2024-05-28,16,9090.0,3098.0
B-25106,670,1,4,9,2021-04-01,11,851.0,356.0
B-25106,671,1,4,7,2024-05-28,11,851.0,356.0
B-26835,672,11,1,1,2023-03-09,3,5427.0,728.0
B-25836,673,12,2,18,2022-07-28,15,2695.0,914.0
B-25836,674,12,2,5,2021-06-17,15,2695.0,914.0
B-26661,675,3,5,1,2024-02-13,3,2386.0,999.0
B-26317,676,3,2,8,2021-08-06,20,2284.0,149.0
B-26839,677,11,3,16,2022-05-01,8,6034.0,608.0
B-26839,677,12,4,16,2022-05-01,13,8956.0,3359.0
B-25735,678,7,3,18,2024-03-11,7,7122.0,1982.0
B-25387,679,7,1,14,2020-07-06,5,9775.0,4507.0
B-25192,680,12,3,15,2020-12-17,13,3309.0,177.0
B-26844,681,1,5,7,2022-08-30,14,4163.0,897.0
B-26844,682,1,5,15,2025-02-27,14,4163.0,897.0
B-26844,683,1,5,4,2021-06-05,14,4163.0,897.0
B-25236,684,8,1,16,2022-12-22,7,5518.0,867.0
B-25940,685,11,2,13,2025-01-25,6,7566.0,606.0
B-25940,686,11,2,10,2025-02-14,6,7566.0,606.0
B-26765,687,2,5,7,2023-01-06,11,762.0,92.0
B-26817,688,4,5,14,2020-10-11,6,3316.0,126.0
B-26522,689,12,3,12,2023-05-24,9,5994.0,2826.0
B-26522,690,12,3,5,2024-03-12,9,5994.0,2826.0
B-26522,691,12,3,6,2024-03-17,9,5994.0,2826.0
B-25681,692,4,5,13,2022-05-17,19,3854.0,245.0
B-25382,693,7,1,1,2020-12-21,15,7019.0,2677.0
B-25944,694,4,4,6,2021-08-24,14,5954.0,2640.0
B-25944,695,4,4,9,2022-10-22,14,5954.0,2640.0
B-26980,696,12,2,8,2024-02-21,5,9752.0,3618.0
B-26980,697,12,2,18,2022-10-31,5,9752.0,3618.0
B-25780,698,1,5,6,2022-05-15,15,5335.0,322.0
B-25964,699,1,4,8,2022-07-22,20,1454.0,80.0
B-26767,700,12,5,12,2021-12-13,19,6724.0,1539.0
B-26767,701,12,5,9,2021-06-03,19,6724.0,1539.0
B-25501,702,10,3,15,2025-02-24,4,9874.0,3895.0
B-26029,703,11,1,17,2023-02-02,7,4918.0,1485.0
B-25292,704,9,4,6,2021-12-31,19,3189.0,1180.0
B-25873,705,1,1,6,2024-06-15,2,2684.0,713.0
B-25873,706,1,1,3,2022-06-05,2,2684.0,713.0
B-25873,707,1,1,9,2020-05-11,2,2684.0,713.0
B-25444,708,3,3,7,2024-02-11,5,7626.0,229.0
B-25444,709,3,3,13,2020-11-25,5,7626.0,229.0
B-26796,710,2,1,14,2023-08-12,19,6669.0,3063.0
B-25537,711,7,4,14,2022-05-06,3,6123.0,1686.0
B-26083,712,9,4,5,2024-01-17,16,3265.0,1390.0
B-25298,713,7,5,4,2021-11-24,6,8104.0,1039.0
B-25298,714,7,5,1,2021-10-06,6,8104.0,1039.0
B-25298,715,7,5,12,2025-01-27,6,8104.0,1039.0
B-26734,716,5,5,3,2022-05-23,17,847.0,355.0
B-26734,717,5,5,11,2023-11-28,17,847.0,355.0
B-26734,718,5,5,12,2023-01-18,17,847.0,355.0
B-25483,719,12,2,18,2021-09-06,9,3129.0,55.0
B-25483,719,4,3,18,2021-09-06,13,7821.0,3821.0
B-26041,720,11,5,18,2021-02-22,12,9498.0,256.0
B-26041,721,11,5,6,2021-10-06,12,9498.0,256.0
B-26750,722,8,4,8,2020-06-07,7,5461.0,1214.0
B-26138,723,12,1,9,2024-05-21,19,3084.0,611.0
B-26929,724,8,5,3,2020-08-05,1,6087.0,3043.0
B-25359,725,12,4,18,2020-10-15,3,611.0,300.0
B-25738,726,7,5,15,2021-05-15,18,9909.0,2999.0
B-25738,727,7,5,11,2022-01-13,18,9909.0,2999.0
B-25931,728,8,1,13,2023-07-18,18,6485.0,3178.0
B-25706,729,4,4,7,2022-12-08,10,7259.0,1969.0
B-25352,730,2,5,1,2023-04-17,18,3333.0,700.0
B-26909,731,8,3,18,2020-06-23,4,7786.0,1202.0
B-26296,732,11,2,7,2022-01-20,6,7644.0,2428.0
B-26112,733,12,5,5,2023-11-18,5,1476.0,247.0
B-26112,734,12,5,10,2022-01-19,5,1476.0,247.0
B-26790,735,8,3,12,2020-09-21,16,3445.0,1405.0
B-26790,735,4,1,12,2020-09-21,1,9837.0,384.0
B-25986,736,8,3,10,2021-06-11,8,1314.0,457.0
B-25630,737,4,2,9,2024-08-07,6,5951.0,936.0
B-25630,738,4,2,13,2022-07-26,6,5951.0,936.0
B-26872,739,11,1,5,2024-01-13,6,992.0,177.0
B-26872,739,7,3,5,2024-01-13,18,4699.0,625.0
B-25870,740,4,3,15,2021-05-28,17,5557.0,2114.0
B-25991,741,1,4,9,2021-06-13,3,3436.0,933.0
B-25198,742,2,2,11,2023-04-25,11,9840.0,3870.0
B-25189,743,9,3,12,2021-07-05,4,7620.0,125.0
B-25189,744,9,3,12,2024-10-12,4,7620.0,125.0
B-26563,745,5,2,3,2021-10-04,5,4314.0,1591.0
B-25548,746,4,1,14,2024-02-07,12,8851.0,999.0
B-25965,747,4,2,16,2021-03-05,2,544.0,272.0
B-25965,748,4,2,3,2023-06-25,2,544.0,272.0
B-26545,749,7,3,18,2021-08-02,20,537.0,142.0
B-26603,750,4,3,11,2022-03-17,7,5944.0,2661.0
B-26393,751,2,4,1,2024-02-07,18,2258.0,135.0
B-26393,752,2,4,10,2022-08-19,18,2258.0,135.0
B-26628,753,8,2,16,2024-09-19,3,9609.0,4339.0
B-26628,754,8,2,14,2020-04-05,3,9609.0,4339.0
B-25945,755,1,2,9,2023-03-10,15,9952.0,3301.0
B-26565,756,9,4,13,2020-08-10,7,9873.0,4585.0
B-25684,757,1,5,6,2020-04-29,15,3560.0,1335.0
B-25684,758,1,5,7,2023-03-16,15,3560.0,1335.0
B-26612,759,11,2,3,2020-05-04,9,6528.0,76.0
B-26612,759,8,2,3,2020-05-04,12,8930.0,3374.0
B-25839,760,9,2,17,2024-10-15,9,4521.0,1778.0
B-25898,761,8,4,10,2022-06-09,10,7091.0,2317.0
B-26120,353,3,5,3,2020-07-04,8,2101.0,287.0
B-26120,762,3,5,15,2020-07-04,8,2101.0,287.0
B-26120,763,3,5,2,2023-04-09,8,2101.0,287.0
B-26426,764,9,2,2,2023-11-24,9,8644.0,1968.0
B-26309,765,5,1,9,2023-11-29,4,6672.0,3319.0
B-26309,766,5,1,10,2024-05-20,4,6672.0,3319.0
B-26789,767,10,1,14,2024-05-21,12,4699.0,103.0
B-26420,768,8,2,16,2021-12-07,14,4897.0,1001.0
B-26420,769,8,2,14,2025-01-06,14,4897.0,1001.0
B-26257,770,5,2,3,2022-07-13,14,5460.0,2088.0
B-26257,771,5,2,14,2020-04-19,14,5460.0,2088.0
B-25603,772,7,1,7,2024-11-14,19,9272.0,1771.0
B-25603,773,7,1,9,2020-04-18,19,9272.0,1771.0
B-25010,774,3,4,16,2023-10-18,15,7870.0,1057.0
B-25010,775,3,4,15,2021-03-21,15,7870.0,1057.0
B-25889,776,4,4,15,2024-09-13,12,7992.0,893.0
B-25889,777,4,4,6,2023-05-04,12,7992.0,893.0
B-25889,778,4,4,2,2023-05-31,12,7992.0,893.0
B-26675,779,1,3,6,2024-06-15,18,6499.0,2189.0
B-26675,780,1,3,4,2021-04-03,18,6499.0,2189.0
B-26168,781,3,2,10,2025-01-14,9,8848.0,2090.0
B-25436,782,7,5,4,2020-12-24,3,8044.0,3634.0
B-25436,783,7,5,10,2022-10-07,3,8044.0,3634.0
B-25794,784,12,5,17,2021-10-05,16,7417.0,1334.0
B-26495,785,7,1,2,2024-12-28,3,3451.0,658.0
B-25815,786,4,3,11,2022-05-14,4,8531.0,2555.0
B-25022,787,8,2,6,2023-08-19,15,6646.0,848.0
B-25022,788,8,2,3,2023-07-14,15,6646.0,848.0
B-26928,789,4,4,9,2023-06-22,6,2553.0,907.0
B-25905,790,11,4,6,2023-03-21,3,8490.0,3485.0
B-26739,791,5,1,5,2020-12-13,3,2689.0,1330.0
B-26739,792,5,1,1,2024-05-29,3,2689.0,1330.0
B-25697,793,5,2,12,2021-05-25,14,815.0,54.0
B-25234,794,9,1,9,2024-04-02,2,5024.0,379.0
B-25234,795,9,1,18,2022-12-03,2,5024.0,379.0
B-25665,796,1,2,15,2021-07-12,18,8962.0,2444.0
B-25665,797,1,2,18,2020-03-22,18,8962.0,2444.0
B-25028,798,10,1,4,2020-08-09,12,1961.0,59.0
B-26659,799,8,4,2,2022-02-18,4,526.0,83.0
B-25966,800,12,2,12,2021-06-14,9,6093.0,3042.0
B-25966,801,12,2,10,2021-03-01,9,6093.0,3042.0
B-25350,802,1,2,11,2023-09-23,5,7699.0,246.0
B-26370,803,5,2,6,2024-07-31,15,8825.0,3594.0
B-26298,804,11,3,8,2020-06-02,8,2082.0,642.0
B-26298,805,11,3,11,2022-12-15,8,2082.0,642.0
B-26298,806,11,3,3,2020-08-07,8,2082.0,642.0
B-25068,807,7,1,2,2024-10-26,13,914.0,163.0
