Order_ID,Date_ID,Customer_ID,Product_ID,Location_ID,Payment_ID,Quantity,Amount,Profit
B-26776,1,1,1,1,1,5,9726.0,1275.0
B-26776,2,2,1,2,1,5,9726.0,1275.0
B-26776,3,3,1,3,1,5,9726.0,1275.0
B-26776,1,1,2,1,1,14,4975.0,1330.0
B-26776,2,2,2,2,1,14,4975.0,1330.0
B-26776,3,3,2,3,1,14,4975.0,1330.0
B-26942,4,4,3,4,2,12,1525.0,185.0
B-26942,5,5,3,1,2,12,1525.0,185.0
B-26640,6,6,4,5,3,10,883.0,117.0
B-26640,6,6,5,5,4,16,8127.0,3551.0
B-25890,7,7,6,6,1,19,2516.0,734.0
B-25102,8,8,3,6,4,14,2975.0,462.0
B-25426,9,9,7,4,2,1,6851.0,2812.0
B-25426,9,9,8,4,4,15,7626.0,1046.0
B-25426,9,9,5,4,1,9,1023.0,78.0
B-25238,10,10,3,7,1,10,7600.0,1098.0
B-25238,10,10,9,7,5,18,7501.0,262.0
B-25051,11,11,9,8,4,6,725.0,133.0
B-25051,11,11,5,8,4,2,7201.0,2685.0
B-26510,12,12,9,9,1,1,1629.0,265.0
B-26510,13,13,9,10,1,1,1629.0,265.0
B-25104,14,14,10,10,2,19,8971.0,2971.0
B-25104,14,14,10,10,5,20,2939.0,894.0
B-25553,15,15,11,8,1,11,9380.0,414.0
B-25553,15,15,10,8,4,18,8558.0,1644.0
B-25553,15,15,9,8,5,17,4080.0,72.0
B-26703,16,16,1,11,3,17,4206.0,1821.0
B-26232,17,17,10,6,5,20,5219.0,1180.0
B-26232,18,18,10,12,5,20,5219.0,1180.0
B-26232,18,36,10,12,5,20,5219.0,1180.0
B-25394,19,19,3,12,2,20,3686.0,760.0
B-25394,20,20,3,13,2,20,3686.0,760.0
B-26157,21,21,9,4,5,4,6045.0,1606.0
B-26157,21,21,3,4,5,11,9337.0,554.0
B-25555,22,22,11,10,4,12,4051.0,1848.0
B-25555,23,23,11,14,4,12,4051.0,1848.0
B-25555,22,22,12,10,4,11,5011.0,866.0
B-25555,23,23,12,14,4,11,5011.0,866.0
B-26139,24,24,8,4,3,15,3958.0,630.0
B-26139,24,24,5,4,2,1,3132.0,963.0
B-25032,25,25,7,12,1,12,7784.0,2937.0
B-25032,25,25,3,12,5,3,5591.0,1696.0
B-25032,25,25,1,12,5,12,5122.0,2413.0
B-25730,26,26,10,15,5,8,8293.0,2632.0
B-25730,27,27,10,8,5,8,8293.0,2632.0
B-25730,28,28,10,5,5,8,8293.0,2632.0
B-25730,26,26,11,15,1,17,2863.0,205.0
B-25730,27,27,11,8,1,17,2863.0,205.0
B-25730,28,28,11,5,1,17,2863.0,205.0
B-26470,2,29,5,10,3,6,3090.0,573.0
B-26470,29,30,5,14,3,6,3090.0,573.0
B-26470,30,31,5,11,3,6,3090.0,573.0
B-26470,31,32,5,9,3,6,3090.0,573.0
B-26470,2,29,2,10,1,5,9683.0,1014.0
B-26470,29,30,2,14,1,5,9683.0,1014.0
B-26470,30,31,2,11,1,5,9683.0,1014.0
B-26470,31,32,2,9,1,5,9683.0,1014.0
B-25988,32,33,5,14,3,18,2463.0,648.0
B-25568,33,34,8,1,5,12,7811.0,1538.0
B-26730,34,35,5,4,2,10,6139.0,451.0
B-26730,35,18,5,16,2,10,6139.0,451.0
B-26730,35,36,5,16,2,10,6139.0,451.0
B-26730,34,35,6,4,5,3,8636.0,3192.0
B-26730,35,18,6,16,5,3,8636.0,3192.0
B-26730,35,36,6,16,5,3,8636.0,3192.0
B-26730,34,35,8,4,4,19,4439.0,1712.0
B-26730,35,18,8,16,4,19,4439.0,1712.0
B-26730,35,36,8,16,4,19,4439.0,1712.0
B-25372,36,37,5,3,2,20,1016.0,172.0
B-25372,36,37,5,3,1,14,5768.0,2059.0
B-25372,36,37,5,3,4,3,1217.0,151.0
B-26026,37,38,9,15,2,2,953.0,93.0
B-26026,38,39,9,5,2,2,953.0,93.0
B-26026,37,38,8,15,5,3,7355.0,1034.0
B-26026,38,39,8,5,5,3,7355.0,1034.0
B-26026,37,38,11,15,4,3,1843.0,248.0
B-26026,38,39,11,5,4,3,1843.0,248.0
B-26026,37,38,3,15,2,10,1603.0,361.0
B-26026,38,39,3,5,2,10,1603.0,361.0
B-25295,39,40,3,1,4,1,2025.0,528.0
B-25295,39,40,10,1,3,16,6800.0,167.0
B-26121,40,41,12,17,1,1,1126.0,55.0
B-26121,41,42,12,3,1,1,1126.0,55.0
B-25560,42,43,5,10,1,12,7533.0,3508.0
B-25560,42,43,10,10,4,16,4734.0,1178.0
B-25560,42,43,1,10,2,6,4074.0,1175.0
B-25560,42,43,8,10,4,3,2334.0,484.0
B-26076,43,44,11,3,2,11,2750.0,1239.0
B-26076,44,45,11,15,2,11,2750.0,1239.0
B-26076,43,44,3,3,3,19,8639.0,3104.0
B-26076,44,45,3,15,3,19,8639.0,3104.0
B-25872,45,46,7,6,1,4,3808.0,1192.0
B-25872,45,46,3,6,4,16,2588.0,705.0
B-26185,46,47,1,7,4,5,1591.0,727.0
B-26185,47,48,1,17,4,5,1591.0,727.0
B-26185,48,49,1,14,4,5,1591.0,727.0
B-26259,49,50,6,15,1,10,1757.0,622.0
B-26259,50,51,6,18,1,10,1757.0,622.0
B-25142,51,52,12,4,2,15,6940.0,253.0
B-25142,51,52,2,4,1,5,5105.0,465.0
B-25326,52,53,5,1,5,16,5578.0,277.0
B-25326,53,54,5,13,5,16,5578.0,277.0
B-26795,54,55,6,16,4,16,5224.0,1958.0
B-26795,54,55,7,16,4,11,5002.0,1801.0
B-26795,54,55,7,16,5,18,7380.0,1673.0
B-25660,55,56,6,5,2,4,7595.0,2873.0
B-25660,56,57,6,8,2,4,7595.0,2873.0
B-25410,57,58,8,11,2,7,1954.0,294.0
B-25690,58,59,2,9,3,20,523.0,95.0
B-26464,59,60,4,11,3,13,5704.0,714.0
B-26464,60,61,4,10,3,13,5704.0,714.0
B-26464,59,60,5,11,1,8,8797.0,1010.0
B-26464,60,61,5,10,1,8,8797.0,1010.0
B-26464,59,60,4,11,2,5,9236.0,2899.0
B-26464,60,61,4,10,2,5,9236.0,2899.0
B-26454,61,62,8,1,3,17,9109.0,586.0
B-26742,62,63,11,9,4,19,4358.0,526.0
B-26742,63,64,11,12,4,19,4358.0,526.0
B-26742,62,63,11,9,4,8,6459.0,825.0
B-26742,63,64,11,12,4,8,6459.0,825.0
B-25510,64,65,12,12,5,12,2478.0,92.0
B-25510,65,66,12,6,5,12,2478.0,92.0
B-25510,66,67,12,12,5,12,2478.0,92.0
B-25510,67,68,12,15,5,12,2478.0,92.0
B-25936,5,69,3,8,2,20,9992.0,3696.0
B-25936,68,70,3,11,2,20,9992.0,3696.0
B-25936,69,71,3,8,2,20,9992.0,3696.0
B-25936,5,69,10,8,1,7,9619.0,3420.0
B-25936,68,70,10,11,1,7,9619.0,3420.0
B-25936,69,71,10,8,1,7,9619.0,3420.0
B-25884,70,72,2,12,4,20,9538.0,3158.0
B-25884,71,73,2,15,4,20,9538.0,3158.0
B-25884,70,72,6,12,3,14,9035.0,1227.0
B-25884,71,73,6,15,3,14,9035.0,1227.0
B-26287,72,74,9,17,5,2,2684.0,670.0
B-26287,72,74,8,17,4,5,822.0,147.0
B-26287,72,74,6,17,3,2,9730.0,2341.0
B-26287,72,74,1,17,5,2,2483.0,236.0
B-26564,73,75,10,4,4,7,1297.0,600.0
B-26564,73,75,11,4,5,19,7909.0,1942.0
B-26293,74,76,5,9,4,8,9768.0,4518.0
B-26293,74,76,8,9,2,5,4968.0,934.0
B-26293,74,76,4,9,3,4,1731.0,149.0
B-25915,75,77,10,12,5,10,3433.0,1169.0
B-25915,76,78,10,7,5,10,3433.0,1169.0
B-25915,77,79,10,10,5,10,3433.0,1169.0
B-25915,75,77,10,12,2,1,3887.0,1490.0
B-25915,76,78,10,7,2,1,3887.0,1490.0
B-25915,77,79,10,10,2,1,3887.0,1490.0
B-26496,78,80,7,5,4,20,1801.0,641.0
B-26496,78,80,5,5,2,10,5301.0,817.0
B-26496,78,80,9,5,2,12,1166.0,520.0
B-26496,78,80,9,5,2,15,3196.0,1411.0
B-25856,79,81,6,7,4,1,3428.0,350.0
B-25856,79,81,10,7,4,12,7223.0,2433.0
B-25856,79,81,3,7,4,1,3731.0,647.0
B-26899,80,82,3,13,4,18,8903.0,4401.0
B-25916,81,83,11,2,1,7,6009.0,2107.0
B-25916,82,84,11,11,1,7,6009.0,2107.0
B-25916,81,83,5,2,4,3,2858.0,230.0
B-25916,82,84,5,11,4,3,2858.0,230.0
B-25916,81,83,8,2,4,7,8175.0,525.0
B-25916,82,84,8,11,4,7,8175.0,525.0
B-25916,81,83,8,2,1,18,5846.0,586.0
B-25916,82,84,8,11,1,18,5846.0,586.0
B-26428,83,85,4,11,4,11,706.0,197.0
B-26332,84,86,5,9,5,16,9835.0,2571.0
B-26332,85,87,5,4,5,16,9835.0,2571.0
B-26332,86,88,5,5,5,16,9835.0,2571.0
B-26332,84,86,7,9,4,13,9691.0,3056.0
B-26332,85,87,7,4,4,13,9691.0,3056.0
B-26332,86,88,7,5,4,13,9691.0,3056.0
B-26332,84,86,12,9,1,14,7826.0,1221.0
B-26332,85,87,12,4,1,14,7826.0,1221.0
B-26332,86,88,12,5,1,14,7826.0,1221.0
B-25303,87,89,8,11,5,11,770.0,241.0
B-25303,88,90,8,14,5,11,770.0,241.0
B-26507,89,91,12,8,5,20,9895.0,1598.0
B-25983,90,92,9,1,2,10,6517.0,1581.0
B-25983,91,93,9,17,2,10,6517.0,1581.0
B-25983,90,92,5,1,4,11,1166.0,349.0
B-25983,91,93,5,17,4,11,1166.0,349.0
B-25156,92,94,6,3,4,16,9820.0,793.0
B-26759,93,95,10,9,5,8,8563.0,2624.0
B-26759,93,95,2,9,5,20,4441.0,281.0
B-26244,94,96,9,4,3,8,7340.0,2271.0
B-26244,94,96,11,4,3,1,5442.0,1610.0
B-26365,95,97,5,17,1,14,1895.0,391.0
B-26365,95,97,10,17,5,13,5323.0,322.0
B-26212,96,98,7,1,2,13,8850.0,279.0
B-26212,96,98,9,1,2,6,8667.0,1266.0
B-25042,97,99,5,2,5,1,6903.0,105.0
B-25042,97,99,3,2,5,7,8793.0,3010.0
B-25901,98,100,9,3,1,16,9883.0,4812.0
B-25901,99,101,9,4,1,16,9883.0,4812.0
B-25901,100,102,9,7,1,16,9883.0,4812.0
B-25901,98,100,9,3,1,7,5210.0,1185.0
B-25901,99,101,9,4,1,7,5210.0,1185.0
B-25901,100,102,9,7,1,7,5210.0,1185.0
B-26747,48,103,2,5,4,4,3574.0,851.0
B-26747,48,103,8,5,1,13,576.0,76.0
B-26698,101,104,2,15,3,13,1860.0,457.0
B-25841,102,105,3,18,3,8,782.0,374.0
B-25841,102,105,4,18,1,1,4371.0,1852.0
B-26032,103,106,11,16,5,1,8346.0,1176.0
B-26032,104,107,11,2,5,1,8346.0,1176.0
B-26032,105,108,11,12,5,1,8346.0,1176.0
B-26032,103,106,5,16,2,5,6218.0,1125.0
B-26032,104,107,5,2,2,5,6218.0,1125.0
B-26032,105,108,5,12,2,5,6218.0,1125.0
B-26032,103,106,2,16,4,14,5167.0,253.0
B-26032,104,107,2,2,4,14,5167.0,253.0
B-26032,105,108,2,12,4,14,5167.0,253.0
B-26032,103,106,8,16,2,5,2799.0,1239.0
B-26032,104,107,8,2,2,5,2799.0,1239.0
B-26032,105,108,8,12,2,5,2799.0,1239.0
B-25171,106,109,7,1,4,20,3234.0,1029.0
B-26939,107,110,5,7,2,12,4920.0,775.0
B-26939,107,110,12,7,3,15,9078.0,2213.0
B-26347,108,111,12,1,1,7,8586.0,3826.0
B-26347,109,112,12,17,1,7,8586.0,3826.0
B-25388,110,113,8,12,3,13,5047.0,2211.0
B-25388,111,114,8,2,3,13,5047.0,2211.0
B-25388,112,115,8,18,3,13,5047.0,2211.0
B-25388,113,116,8,3,3,13,5047.0,2211.0
B-26419,114,117,8,12,1,1,3657.0,163.0
B-25157,115,118,1,18,1,18,6471.0,2842.0
B-25342,116,119,10,15,1,9,949.0,301.0
B-25342,116,119,10,15,3,6,6823.0,771.0
B-25342,116,119,5,15,3,2,4364.0,831.0
B-26165,117,120,11,18,1,10,6671.0,2797.0
B-26571,118,121,9,7,5,3,7472.0,1037.0
B-26571,118,121,2,7,5,9,9548.0,1806.0
B-25400,119,122,2,1,1,17,7759.0,3741.0
B-25400,120,123,2,9,1,17,7759.0,3741.0
B-25400,119,122,7,1,2,16,7521.0,3457.0
B-25400,120,123,7,9,2,16,7521.0,3457.0
B-25885,121,124,3,16,5,12,9704.0,4339.0
B-25885,121,124,2,16,2,18,4948.0,2356.0
B-25885,121,124,1,16,2,10,6435.0,334.0
B-25004,122,125,7,12,5,16,9965.0,3033.0
B-25004,123,126,7,3,5,16,9965.0,3033.0
B-26213,124,127,8,8,1,3,1523.0,234.0
B-26213,124,127,1,8,2,7,9073.0,424.0
B-25025,125,128,4,8,5,20,6447.0,3079.0
B-25025,125,128,1,8,4,6,8947.0,2807.0
B-26804,126,129,3,5,2,8,914.0,400.0
B-26804,126,129,9,5,4,3,1548.0,666.0
B-26797,2,130,5,6,4,6,2759.0,1149.0
B-26556,127,131,4,4,1,4,1341.0,615.0
B-25861,128,132,1,15,2,19,9851.0,2669.0
B-25861,129,133,1,3,2,19,9851.0,2669.0
B-25861,130,134,1,4,2,19,9851.0,2669.0
B-25861,128,132,5,15,2,14,9989.0,3930.0
B-25861,129,133,5,3,2,14,9989.0,3930.0
B-25861,130,134,5,4,2,14,9989.0,3930.0
B-25112,131,135,5,16,5,10,7421.0,958.0
B-25112,40,136,5,16,5,10,7421.0,958.0
B-25112,132,137,5,9,5,10,7421.0,958.0
B-25223,20,138,9,3,5,1,3099.0,479.0
B-25223,20,138,11,3,5,7,2521.0,906.0
B-25714,133,139,1,9,1,12,6962.0,3429.0
B-25714,134,140,1,1,1,12,6962.0,3429.0
B-26607,135,141,12,3,1,20,1085.0,301.0
B-25038,136,142,6,14,2,2,738.0,342.0
B-25038,137,143,6,3,2,2,738.0,342.0
B-25038,138,144,6,14,2,2,738.0,342.0
B-25038,139,145,6,6,2,2,738.0,342.0
B-26672,140,146,1,13,3,17,1366.0,242.0
B-26672,140,146,7,13,4,13,1518.0,155.0
B-25747,141,147,11,3,5,1,2962.0,1470.0
B-25747,142,148,11,17,5,1,2962.0,1470.0
B-25747,141,147,2,3,1,12,7131.0,718.0
B-25747,142,148,2,17,1,12,7131.0,718.0
B-25747,141,147,7,3,3,10,4200.0,855.0
B-25747,142,148,7,17,3,10,4200.0,855.0
B-26322,143,149,7,18,3,2,5934.0,1563.0
B-26613,144,150,2,6,1,11,2701.0,322.0
B-26613,144,150,9,6,5,18,7273.0,2702.0
B-25413,145,151,7,12,2,18,2465.0,699.0
B-26466,146,152,7,9,3,2,3479.0,1087.0
B-26466,146,152,2,9,3,7,5457.0,1765.0
B-26610,147,153,7,15,4,8,4957.0,1152.0
B-26209,148,154,3,13,2,17,4404.0,858.0
B-26209,148,154,8,13,4,15,8776.0,2529.0
B-26622,149,155,11,4,1,9,9536.0,1437.0
B-26622,149,155,8,4,4,7,2225.0,589.0
B-26601,150,156,12,12,1,19,9574.0,4045.0
B-26601,150,156,1,12,5,17,4382.0,482.0
B-25894,151,157,4,14,5,19,8200.0,257.0
B-25894,151,157,8,14,4,13,9316.0,3003.0
B-25894,151,157,1,14,5,15,6379.0,3128.0
B-26969,152,158,7,15,4,5,3348.0,568.0
B-26969,153,159,7,8,4,5,3348.0,568.0
B-26969,152,158,3,15,2,9,8856.0,2020.0
B-26969,153,159,3,8,2,9,8856.0,2020.0
B-26312,154,160,8,13,2,16,1760.0,619.0
B-26312,155,161,8,16,2,16,1760.0,619.0
B-26312,154,160,2,13,1,15,6351.0,986.0
B-26312,155,161,2,16,1,15,6351.0,986.0
B-26837,156,162,9,6,4,14,869.0,373.0
B-26837,157,163,9,15,4,14,869.0,373.0
B-26837,156,162,12,6,1,7,1486.0,114.0
B-26837,157,163,12,15,1,7,1486.0,114.0
B-26166,158,164,10,2,5,13,2999.0,145.0
B-26166,158,164,9,2,3,20,5142.0,1916.0
B-25695,159,165,4,8,1,17,1239.0,575.0
B-25695,160,166,4,7,1,17,1239.0,575.0
B-25695,159,165,1,8,3,16,1262.0,515.0
B-25695,160,166,1,7,3,16,1262.0,515.0
B-26068,161,167,12,8,5,5,1033.0,254.0
B-26023,162,168,2,10,1,19,1518.0,159.0
B-26677,163,169,9,18,2,2,8581.0,2444.0
B-26677,164,170,9,4,2,2,8581.0,2444.0
B-25701,165,171,3,11,1,5,1167.0,463.0
B-25701,165,171,4,11,4,20,2841.0,803.0
B-25701,165,171,5,11,1,19,5680.0,2159.0
B-26523,166,172,3,2,1,6,8204.0,2382.0
B-26523,98,173,3,3,1,6,8204.0,2382.0
B-26523,166,172,11,2,3,6,2850.0,904.0
B-26523,98,173,11,3,3,6,2850.0,904.0
B-25880,167,174,3,6,4,9,907.0,391.0
B-26898,168,175,3,14,4,19,2174.0,265.0
B-26898,168,175,1,14,4,12,8541.0,2029.0
B-26898,168,175,12,14,3,3,1931.0,551.0
B-26035,169,176,1,11,2,3,1281.0,340.0
B-26035,169,176,4,11,5,15,2404.0,253.0
B-25573,170,177,8,5,5,1,2119.0,196.0
B-25463,171,178,3,2,2,9,3137.0,571.0
B-26277,172,179,5,9,5,7,2323.0,727.0
B-26277,172,179,12,9,1,9,1368.0,406.0
B-26508,173,180,4,1,4,16,9204.0,3289.0
B-26508,174,181,4,1,4,16,9204.0,3289.0
B-26508,173,180,9,1,3,20,9894.0,3698.0
B-26508,174,181,9,1,3,20,9894.0,3698.0
B-26723,175,182,8,16,5,18,5322.0,1423.0
B-26723,176,183,8,9,5,18,5322.0,1423.0
B-25526,177,184,6,15,5,14,2666.0,559.0
B-25645,178,185,8,4,1,4,8383.0,937.0
B-25757,179,186,9,2,3,4,7560.0,821.0
B-26716,180,187,8,3,1,16,1314.0,490.0
B-26716,180,187,5,3,2,1,4390.0,179.0
B-26716,180,187,10,3,2,7,1150.0,58.0
B-25424,181,188,3,10,3,17,1574.0,258.0
B-25424,181,188,10,10,1,17,5635.0,318.0
B-25424,181,188,8,10,2,11,6515.0,961.0
B-26453,182,189,4,13,2,20,1231.0,214.0
B-26453,183,190,4,8,2,20,1231.0,214.0
B-26425,184,191,10,15,2,3,6891.0,2529.0
B-25843,185,192,4,11,3,15,7524.0,2308.0
B-25843,185,192,2,11,4,14,6864.0,1824.0
B-25486,186,193,6,13,2,14,4215.0,432.0
B-26975,187,194,12,10,4,19,622.0,218.0
B-26975,187,194,3,10,1,18,1755.0,495.0
B-26975,187,194,1,10,3,20,8020.0,3898.0
B-26890,188,195,4,3,4,4,7333.0,1576.0
B-26125,189,196,1,8,5,4,7690.0,1134.0
B-26125,189,196,8,8,3,2,912.0,246.0
B-26489,190,197,4,11,5,14,2791.0,894.0
B-26489,191,198,4,14,5,14,2791.0,894.0
B-26489,192,199,4,9,5,14,2791.0,894.0
B-26489,190,197,8,11,2,3,6223.0,1478.0
B-26489,191,198,8,14,2,3,6223.0,1478.0
B-26489,192,199,8,9,2,3,6223.0,1478.0
B-26489,190,197,6,11,2,17,8943.0,3121.0
B-26489,191,198,6,14,2,17,8943.0,3121.0
B-26489,192,199,6,9,2,17,8943.0,3121.0
B-26489,190,197,11,11,4,12,3297.0,102.0
B-26489,191,198,11,14,4,12,3297.0,102.0
B-26489,192,199,11,9,4,12,3297.0,102.0
B-26043,193,200,9,2,1,20,8769.0,1989.0
B-26557,194,201,2,4,5,19,9057.0,1888.0
B-26557,194,201,5,4,4,11,6864.0,3275.0
B-26557,194,201,4,4,5,13,9200.0,809.0
B-25243,195,202,4,4,1,6,6113.0,2508.0
B-25243,195,202,5,4,3,15,7733.0,2784.0
B-25243,195,202,5,4,5,14,8524.0,154.0
B-25243,195,202,12,4,3,15,6187.0,2344.0
B-26932,196,203,5,14,3,18,4364.0,148.0
B-26932,196,499,5,14,3,18,4364.0,148.0
B-26932,196,203,3,14,3,12,736.0,286.0
B-26932,196,499,3,14,3,12,736.0,286.0
B-25241,197,204,3,9,3,17,9905.0,633.0
B-25241,198,205,3,17,3,17,9905.0,633.0
B-25044,199,206,9,7,4,9,2493.0,1221.0
B-25044,199,206,3,7,4,1,9849.0,963.0
B-26137,200,207,2,18,4,4,3423.0,804.0
B-26137,201,208,2,9,4,4,3423.0,804.0
B-26137,202,209,2,11,4,4,3423.0,804.0
B-26137,9,210,2,9,4,4,3423.0,804.0
B-26137,203,211,2,14,4,4,3423.0,804.0
B-25545,204,212,6,7,5,9,3900.0,115.0
B-26800,205,213,1,8,1,11,8568.0,2419.0
B-26800,205,213,3,8,3,6,3283.0,71.0
B-26987,206,214,1,9,3,19,7643.0,3720.0
B-26144,207,215,8,2,3,15,3461.0,1537.0
B-26144,207,215,1,2,4,6,5714.0,1438.0
B-26144,207,215,10,2,5,10,3853.0,1457.0
B-25406,208,216,3,2,1,20,6016.0,431.0
B-25406,208,350,3,2,1,20,6016.0,431.0
B-25658,209,217,7,3,1,12,1290.0,204.0
B-25658,210,218,7,12,1,12,1290.0,204.0
B-25733,211,219,2,7,1,10,4569.0,1693.0
B-26993,212,220,12,4,2,16,3083.0,1151.0
B-26964,213,221,3,15,4,15,3522.0,898.0
B-26964,214,222,3,5,4,15,3522.0,898.0
B-26955,215,223,10,16,2,3,7301.0,3602.0
B-26059,216,224,4,7,5,8,4462.0,121.0
B-26059,216,224,11,7,5,17,6212.0,1881.0
B-26806,217,225,12,17,3,3,4027.0,1386.0
B-26299,218,226,4,15,3,14,1676.0,330.0
B-26299,218,226,12,15,5,12,3927.0,1133.0
B-26299,218,226,11,15,2,9,2776.0,887.0
B-26743,219,227,8,2,5,12,7684.0,1157.0
B-26743,220,228,8,3,5,12,7684.0,1157.0
B-26743,28,229,8,13,5,12,7684.0,1157.0
B-26757,177,230,11,1,4,17,6008.0,2498.0
B-26772,221,231,12,9,5,20,7344.0,2598.0
B-26088,222,232,3,4,5,20,6932.0,3218.0
B-26319,223,233,1,14,3,16,7748.0,1706.0
B-26319,223,233,7,14,1,20,6381.0,2763.0
B-26319,223,233,11,14,4,6,992.0,64.0
B-25364,224,234,4,12,3,13,8649.0,2631.0
B-25364,225,235,4,8,3,13,8649.0,2631.0
B-25655,128,236,4,6,1,18,4099.0,52.0
B-26864,226,237,1,12,1,5,2539.0,324.0
B-26019,227,238,9,4,5,9,9845.0,3062.0
B-25849,228,239,9,11,2,2,2901.0,1411.0
B-25849,229,240,9,5,2,2,2901.0,1411.0
B-25849,228,239,3,11,4,6,6934.0,1152.0
B-25849,229,240,3,5,4,6,6934.0,1152.0
B-25829,230,241,12,18,4,2,9640.0,2606.0
B-26065,231,242,6,15,4,13,7930.0,1981.0
B-26065,232,243,6,7,4,13,7930.0,1981.0
B-25267,233,244,10,10,5,1,9894.0,829.0
B-25267,233,244,5,10,5,4,4534.0,2235.0
B-25972,234,245,11,3,2,20,4911.0,186.0
B-25972,234,245,12,3,2,20,531.0,189.0
B-25511,235,246,1,18,3,10,9707.0,3483.0
B-25511,235,246,9,18,5,7,8521.0,2584.0
B-25744,214,247,10,3,4,12,8438.0,3427.0
B-25744,214,247,1,3,1,9,1689.0,109.0
B-25744,214,247,9,3,5,14,3936.0,1626.0
B-26805,236,248,11,14,2,19,7664.0,1753.0
B-25620,237,249,4,18,2,13,721.0,258.0
B-25620,238,250,4,3,2,13,721.0,258.0
B-25620,237,249,4,18,4,17,8364.0,3055.0
B-25620,238,250,4,3,4,17,8364.0,3055.0
B-25620,237,249,12,18,3,15,5234.0,2021.0
B-25620,238,250,12,3,3,15,5234.0,2021.0
B-25325,239,251,11,12,4,18,3944.0,1559.0
B-25325,239,251,3,12,4,12,6711.0,1045.0
B-25325,239,251,5,12,4,4,5031.0,714.0
B-25325,239,251,10,12,3,14,6295.0,2469.0
B-25131,46,252,9,12,1,1,9654.0,4111.0
B-25131,46,252,10,12,5,20,3112.0,1065.0
B-26654,240,253,11,12,1,13,7838.0,1142.0
B-26654,240,253,11,12,4,6,9300.0,3146.0
B-26654,240,253,9,12,2,17,1733.0,133.0
B-26195,241,254,10,8,2,15,874.0,235.0
B-26195,242,255,10,1,2,15,874.0,235.0
B-25842,243,256,3,13,3,13,1248.0,584.0
B-25842,244,257,3,12,3,13,1248.0,584.0
B-25842,243,256,7,13,3,14,3669.0,154.0
B-25842,244,257,7,12,3,14,3669.0,154.0
B-25842,243,256,9,13,2,15,514.0,109.0
B-25842,244,257,9,12,2,15,514.0,109.0
B-25851,245,258,11,14,1,16,3273.0,85.0
B-25427,246,259,6,1,5,2,5035.0,2008.0
B-25427,246,259,2,1,1,19,7702.0,60.0
B-25427,246,259,2,1,3,7,9884.0,4446.0
B-26224,247,260,4,2,5,11,5564.0,175.0
B-26224,248,261,4,16,5,11,5564.0,175.0
B-26224,249,262,4,1,5,11,5564.0,175.0
B-26224,247,260,1,2,1,15,3953.0,1776.0
B-26224,248,261,1,16,1,15,3953.0,1776.0
B-26224,249,262,1,1,1,15,3953.0,1776.0
B-26896,250,263,2,9,3,18,6488.0,1591.0
B-26896,251,264,2,16,3,18,6488.0,1591.0
B-26469,119,265,1,4,1,17,7856.0,3699.0
B-26469,119,265,3,4,3,3,1165.0,51.0
B-26219,252,266,7,10,4,20,9386.0,2555.0
B-26219,118,267,7,15,4,20,9386.0,2555.0
B-26119,101,268,3,17,2,12,3956.0,142.0
B-26119,253,269,3,9,2,12,3956.0,142.0
B-26119,101,268,12,17,3,11,6449.0,2628.0
B-26119,253,269,12,9,3,11,6449.0,2628.0
B-26988,254,270,7,8,5,18,6255.0,437.0
B-26988,254,270,1,8,1,20,2109.0,681.0
B-25596,255,271,11,11,4,20,6707.0,1041.0
B-26845,256,272,3,7,5,13,7633.0,184.0
B-25099,257,273,3,10,5,18,975.0,224.0
B-25099,257,273,5,10,3,7,4492.0,1450.0
B-25099,257,273,6,10,1,12,7957.0,2834.0
B-26153,258,274,5,16,2,7,4906.0,975.0
B-25060,259,275,3,3,4,3,1379.0,250.0
B-25060,259,275,4,3,2,10,4244.0,340.0
B-26572,260,276,12,10,3,14,5911.0,2333.0
B-26572,261,277,12,12,3,14,5911.0,2333.0
B-26572,260,276,7,10,3,11,1818.0,738.0
B-26572,261,277,7,12,3,11,1818.0,738.0
B-25919,225,278,9,10,4,4,2140.0,970.0
B-25919,262,279,9,4,4,4,2140.0,970.0
B-25919,106,280,9,12,4,4,2140.0,970.0
B-25919,225,278,4,10,2,1,2670.0,1026.0
B-25919,262,279,4,4,2,1,2670.0,1026.0
B-25919,106,280,4,12,2,1,2670.0,1026.0
B-26978,263,281,4,7,2,18,1108.0,167.0
B-26978,263,281,10,7,1,9,9776.0,3750.0
B-26978,263,281,12,7,5,6,535.0,72.0
B-26554,195,282,9,17,4,5,7564.0,3463.0
B-26554,264,283,9,18,4,5,7564.0,3463.0
B-26554,265,284,9,1,4,5,7564.0,3463.0
B-26554,266,285,9,16,4,5,7564.0,3463.0
B-26554,195,282,1,17,1,20,3409.0,1605.0
B-26554,264,283,1,18,1,20,3409.0,1605.0
B-26554,265,284,1,1,1,20,3409.0,1605.0
B-26554,266,285,1,16,1,20,3409.0,1605.0
B-26883,267,286,3,3,5,13,9751.0,2459.0
B-26883,267,304,3,3,5,13,9751.0,2459.0
B-25423,268,287,2,4,4,11,6385.0,2656.0
B-25423,269,288,2,17,4,11,6385.0,2656.0
B-26324,270,289,1,11,2,15,6355.0,1335.0
B-26324,271,290,1,11,2,15,6355.0,1335.0
B-26945,272,291,2,11,2,15,7377.0,320.0
B-26945,272,291,7,11,3,12,2054.0,371.0
B-26405,273,292,6,18,5,18,7497.0,319.0
B-26046,62,293,1,1,2,20,2565.0,983.0
B-26046,62,293,3,1,5,19,5024.0,1544.0
B-25746,274,294,10,16,2,15,8243.0,1346.0
B-25232,275,295,9,18,1,13,7792.0,1403.0
B-25232,244,296,9,8,1,13,7792.0,1403.0
B-25232,276,297,9,10,1,13,7792.0,1403.0
B-25232,275,295,6,18,2,14,2346.0,388.0
B-25232,244,296,6,8,2,14,2346.0,388.0
B-25232,276,297,6,10,2,14,2346.0,388.0
B-25591,277,298,8,13,4,10,7346.0,1043.0
B-25591,277,298,1,13,1,7,9770.0,4132.0
B-25591,277,298,4,13,4,13,7179.0,683.0
B-26325,278,299,11,1,1,2,5449.0,2389.0
B-25251,279,300,6,3,5,6,2895.0,104.0
B-25251,280,301,6,16,5,6,2895.0,104.0
B-25251,279,300,6,3,1,1,697.0,116.0
B-25251,280,301,6,16,1,1,697.0,116.0
B-25464,281,302,6,5,5,4,6145.0,1414.0
B-25464,281,302,2,5,1,18,2504.0,440.0
B-25464,281,302,11,5,2,16,3124.0,138.0
B-26678,282,303,1,14,2,1,6934.0,1226.0
B-26678,77,286,1,8,2,1,6934.0,1226.0
B-26678,77,304,1,8,2,1,6934.0,1226.0
B-25962,283,305,7,18,5,3,4202.0,1171.0
B-25962,284,306,7,8,5,3,4202.0,1171.0
B-25962,285,307,7,17,5,3,4202.0,1171.0
B-25962,7,308,7,16,5,3,4202.0,1171.0
B-26586,286,309,2,5,1,1,2239.0,828.0
B-26586,287,310,2,2,1,1,2239.0,828.0
B-26586,286,309,11,5,2,4,2450.0,1002.0
B-26586,287,310,11,2,2,4,2450.0,1002.0
B-26841,288,311,6,6,2,13,9827.0,4208.0
B-26841,288,311,8,6,4,15,8077.0,240.0
B-26284,289,312,11,7,1,14,5152.0,2045.0
B-26284,290,313,11,5,1,14,5152.0,2045.0
B-26284,291,314,11,2,1,14,5152.0,2045.0
B-26284,292,315,11,8,1,14,5152.0,2045.0
B-26478,293,316,7,16,4,1,2542.0,190.0
B-26679,294,317,7,12,1,5,8102.0,1800.0
B-26679,295,318,7,3,1,5,8102.0,1800.0
B-26679,296,319,7,15,1,5,8102.0,1800.0
B-26679,294,317,5,12,3,10,3234.0,1274.0
B-26679,295,318,5,3,3,10,3234.0,1274.0
B-26679,296,319,5,15,3,10,3234.0,1274.0
B-26397,297,320,5,5,4,18,6200.0,2321.0
B-26397,298,321,5,1,4,18,6200.0,2321.0
B-25957,171,322,4,5,1,13,4470.0,413.0
B-26916,299,323,3,7,1,7,916.0,362.0
B-26916,300,324,3,12,1,7,916.0,362.0
B-26916,299,323,8,7,1,20,1165.0,302.0
B-26916,300,324,8,12,1,20,1165.0,302.0
B-26916,299,323,6,7,1,12,7846.0,677.0
B-26916,300,324,6,12,1,12,7846.0,677.0
B-25925,301,325,3,11,4,1,3022.0,384.0
B-25925,302,326,3,2,4,1,3022.0,384.0
B-25925,301,325,1,11,2,13,5266.0,1111.0
B-25925,302,326,1,2,2,13,5266.0,1111.0
B-25602,303,327,3,4,2,9,4853.0,1764.0
B-25602,304,328,3,16,2,9,4853.0,1764.0
B-26592,24,329,3,12,5,1,9832.0,1270.0
B-26592,24,329,3,12,4,15,796.0,153.0
B-26251,305,330,6,12,5,7,883.0,127.0
B-26251,305,330,12,12,2,8,4539.0,1155.0
B-26251,305,330,10,12,2,16,9659.0,2226.0
B-25979,306,331,2,10,2,2,9562.0,325.0
B-25437,307,332,4,12,4,3,4688.0,1841.0
B-25437,3,333,4,10,4,3,4688.0,1841.0
B-26986,308,334,11,13,5,4,7900.0,482.0
B-25990,277,335,12,14,5,17,6967.0,3257.0
B-25990,277,335,9,14,5,6,1091.0,277.0
B-25990,277,335,10,14,4,2,6027.0,1530.0
B-25222,309,336,5,9,3,2,4852.0,218.0
B-25222,310,337,5,17,3,2,4852.0,218.0
B-25222,311,338,5,7,3,2,4852.0,218.0
B-26402,312,339,8,17,5,6,4314.0,1453.0
B-26792,313,340,3,11,3,3,3288.0,1477.0
B-26792,314,341,3,7,3,3,3288.0,1477.0
B-25154,315,342,10,6,4,5,3977.0,813.0
B-26114,316,343,2,2,3,2,6252.0,1377.0
B-26485,317,344,3,3,2,12,9084.0,3253.0
B-26191,318,345,11,10,4,15,8994.0,1481.0
B-26754,319,346,7,9,3,16,1089.0,176.0
B-25953,320,347,10,7,1,19,6690.0,1001.0
B-25953,203,348,10,2,1,19,6690.0,1001.0
B-25953,320,347,12,7,4,10,4985.0,1920.0
B-25953,203,348,12,2,4,10,4985.0,1920.0
B-26516,321,349,1,1,3,15,8590.0,3565.0
B-26516,321,349,5,1,5,10,6973.0,3038.0
B-26843,322,216,2,9,3,19,4591.0,1941.0
B-26843,322,350,2,9,3,19,4591.0,1941.0
B-26843,322,216,3,9,4,17,9612.0,2572.0
B-26843,322,350,3,9,4,17,9612.0,2572.0
B-26167,323,351,6,10,3,1,5343.0,655.0
B-26972,56,352,7,7,2,20,6956.0,318.0
B-25673,324,353,5,3,3,17,5306.0,2405.0
B-25673,324,762,5,3,3,17,5306.0,2405.0
B-26587,325,354,8,6,1,17,8982.0,448.0
B-26587,325,354,9,6,2,5,4826.0,562.0
B-26668,113,355,3,14,3,15,972.0,106.0
B-26906,326,356,7,1,4,4,3665.0,802.0
B-26906,327,357,7,17,4,4,3665.0,802.0
B-25226,328,358,3,5,1,2,9808.0,2117.0
B-25166,329,359,6,15,1,17,1133.0,73.0
B-25166,330,360,6,10,1,17,1133.0,73.0
B-25166,329,359,12,15,5,19,6248.0,1168.0
B-25166,330,360,12,10,5,19,6248.0,1168.0
B-25454,331,361,1,17,4,17,5666.0,2733.0
B-26215,332,362,7,9,5,18,4171.0,1450.0
B-25777,333,363,2,7,4,7,6236.0,2839.0
B-25777,334,364,2,4,4,7,6236.0,2839.0
B-25383,335,365,6,5,4,8,5410.0,2456.0
B-25383,336,366,6,17,4,8,5410.0,2456.0
B-26409,337,367,8,5,4,1,3024.0,1353.0
B-26409,338,368,8,13,4,1,3024.0,1353.0
B-26684,117,369,7,7,1,5,7434.0,2851.0
B-26726,339,370,1,9,2,19,7213.0,508.0
B-26726,340,371,1,14,2,19,7213.0,508.0
B-26726,339,370,5,9,3,9,3176.0,586.0
B-26726,340,371,5,14,3,9,3176.0,586.0
B-26136,341,372,10,1,4,18,9144.0,2220.0
B-26098,342,373,5,16,3,19,4146.0,865.0
B-26098,342,373,5,16,3,7,3793.0,875.0
B-25430,343,374,8,5,5,11,7169.0,2385.0
B-25430,343,374,6,5,4,18,4046.0,417.0
B-25266,344,375,11,10,5,11,4164.0,905.0
B-25266,344,375,5,10,1,5,5389.0,2196.0
B-25283,345,376,8,6,5,5,5448.0,2204.0
B-25227,157,377,8,4,1,1,4115.0,1285.0
B-25227,157,377,5,4,1,12,4761.0,2231.0
B-25669,346,378,10,3,3,6,5899.0,2264.0
B-25064,347,379,6,3,3,9,6109.0,3040.0
B-25064,348,380,6,8,3,9,6109.0,3040.0
B-25064,347,379,1,3,1,17,4628.0,1491.0
B-25064,348,380,1,8,1,17,4628.0,1491.0
B-26268,130,381,3,18,4,13,4369.0,584.0
B-26268,349,382,3,11,4,13,4369.0,584.0
B-25456,350,383,8,5,4,20,5632.0,2358.0
B-25456,351,384,8,1,4,20,5632.0,2358.0
B-25456,352,385,8,15,4,20,5632.0,2358.0
B-25495,353,386,9,10,1,14,7519.0,402.0
B-25495,353,386,1,10,2,13,1564.0,674.0
B-26552,354,387,1,11,4,10,2804.0,936.0
B-26552,355,388,1,17,4,10,2804.0,936.0
B-26552,356,389,1,17,4,10,2804.0,936.0
B-25203,357,390,6,7,3,6,2321.0,505.0
B-25462,358,391,4,17,5,6,5730.0,482.0
B-26145,180,392,8,2,5,12,7441.0,867.0
B-26145,359,393,8,11,5,12,7441.0,867.0
B-25552,79,394,10,6,1,7,1732.0,766.0
B-25552,79,394,9,6,3,19,8788.0,3944.0
B-26069,360,395,7,13,3,11,838.0,271.0
B-26069,361,396,7,18,3,11,838.0,271.0
B-26069,360,395,5,13,1,2,3577.0,699.0
B-26069,361,396,5,18,1,2,3577.0,699.0
B-25120,362,397,11,9,2,6,7122.0,1836.0
B-25120,363,398,11,16,2,6,7122.0,1836.0
B-25120,364,399,11,6,2,6,7122.0,1836.0
B-25120,362,397,7,9,4,15,7327.0,2596.0
B-25120,363,398,7,16,4,15,7327.0,2596.0
B-25120,364,399,7,6,4,15,7327.0,2596.0
B-26146,365,400,2,17,5,18,2239.0,1094.0
B-26146,365,400,7,17,5,1,4932.0,1153.0
B-25549,366,401,2,4,1,8,4609.0,1084.0
B-25549,366,401,9,4,1,4,2328.0,788.0
B-25549,366,401,2,4,2,7,4734.0,958.0
B-25488,367,402,8,6,1,5,1388.0,345.0
B-25488,367,402,4,6,4,8,8555.0,1638.0
B-26885,368,403,5,9,4,4,9024.0,730.0
B-26885,368,403,4,9,4,4,2468.0,418.0
B-25703,369,404,1,4,5,4,9438.0,1801.0
B-25703,370,405,1,11,5,4,9438.0,1801.0
B-25809,371,406,11,15,1,18,2685.0,379.0
B-25809,175,407,11,17,1,18,2685.0,379.0
B-25809,371,406,6,15,1,14,9916.0,4602.0
B-25809,175,407,6,17,1,14,9916.0,4602.0
B-25809,371,406,1,15,4,14,6184.0,50.0
B-25809,175,407,1,17,4,14,6184.0,50.0
B-25809,371,406,7,15,2,8,4548.0,2135.0
B-25809,175,407,7,17,2,8,4548.0,2135.0
B-25477,372,408,7,8,5,7,7195.0,1665.0
B-25477,373,409,7,3,5,7,7195.0,1665.0
B-26018,374,410,12,11,5,18,3098.0,957.0
B-25329,375,411,5,10,4,18,5412.0,1192.0
B-25329,376,412,5,5,4,18,5412.0,1192.0
B-25182,377,413,6,6,4,11,1397.0,686.0
B-25492,378,414,6,3,3,14,9279.0,552.0
B-25492,379,415,6,12,3,14,9279.0,552.0
B-25492,378,414,9,3,4,19,2596.0,1003.0
B-25492,379,415,9,12,4,19,2596.0,1003.0
B-25517,380,416,12,3,3,19,6732.0,911.0
B-25517,380,416,3,3,3,14,4495.0,1408.0
B-25200,381,417,9,3,1,6,9653.0,2471.0
B-26009,382,418,5,18,1,10,8945.0,1728.0
B-26580,300,419,12,13,5,13,4007.0,201.0
B-26580,104,420,12,9,5,13,4007.0,201.0
B-25679,300,421,12,17,3,18,810.0,231.0
B-26034,383,422,12,8,2,18,9789.0,2071.0
B-26034,383,422,1,8,5,8,9229.0,4090.0
B-25148,57,423,7,8,2,18,8141.0,3968.0
B-25148,384,424,7,18,2,18,8141.0,3968.0
B-25148,57,423,8,8,3,14,1067.0,251.0
B-25148,384,424,8,18,3,14,1067.0,251.0
B-25830,385,425,10,5,1,10,3839.0,1415.0
B-25830,361,426,10,4,1,10,3839.0,1415.0
B-25762,386,427,1,11,5,13,2858.0,482.0
B-26794,219,428,12,6,2,12,2137.0,638.0
B-26794,219,428,6,6,2,12,2831.0,1289.0
B-25011,387,429,8,13,1,15,3913.0,961.0
B-25011,388,430,8,12,1,15,3913.0,961.0
B-25515,389,431,9,17,5,9,4468.0,1940.0
B-25369,390,432,4,14,4,9,1579.0,602.0
B-25369,391,433,4,9,4,9,1579.0,602.0
B-25369,85,434,4,14,4,9,1579.0,602.0
B-25369,392,435,4,8,4,9,1579.0,602.0
B-25369,390,432,6,14,3,19,3760.0,1849.0
B-25369,391,433,6,9,3,19,3760.0,1849.0
B-25369,85,434,6,14,3,19,3760.0,1849.0
B-25369,392,435,6,8,3,19,3760.0,1849.0
B-26222,393,436,3,2,4,14,8706.0,3099.0
B-26222,393,436,1,2,4,14,4708.0,696.0
B-26222,393,436,6,2,5,17,8089.0,3132.0
B-25316,394,437,2,11,2,12,5462.0,673.0
B-25507,395,438,1,17,4,18,6392.0,444.0
B-25846,396,439,1,4,2,3,8706.0,1724.0
B-25763,139,440,3,1,1,4,2349.0,319.0
B-25763,139,440,6,1,1,14,8220.0,3882.0
B-25763,139,440,6,1,2,7,2379.0,279.0
B-25763,139,440,7,1,1,4,7377.0,2049.0
B-25465,397,441,5,15,4,16,717.0,158.0
B-25465,398,442,5,1,4,16,717.0,158.0
B-25465,57,443,5,3,4,16,717.0,158.0
B-25465,399,444,5,6,4,16,717.0,158.0
B-25465,400,445,5,4,4,16,717.0,158.0
B-25465,401,446,5,8,4,16,717.0,158.0
B-25465,397,441,8,15,1,17,508.0,177.0
B-25465,398,442,8,1,1,17,508.0,177.0
B-25465,57,443,8,3,1,17,508.0,177.0
B-25465,399,444,8,6,1,17,508.0,177.0
B-25465,400,445,8,4,1,17,508.0,177.0
B-25465,401,446,8,8,1,17,508.0,177.0
B-26352,402,447,2,2,2,3,9382.0,1085.0
B-26352,53,448,2,8,2,3,9382.0,1085.0
B-26352,402,447,5,2,5,19,4936.0,576.0
B-26352,53,448,5,8,5,19,4936.0,576.0
B-26528,195,449,8,12,5,19,2663.0,64.0
B-26528,205,450,8,15,5,19,2663.0,64.0
B-26670,403,451,2,16,3,5,5151.0,1680.0
B-25331,404,452,3,8,1,8,2514.0,95.0
B-25832,405,453,4,6,3,2,6129.0,2976.0
B-25832,405,453,12,6,5,3,4395.0,1663.0
B-25897,406,454,6,14,1,8,5393.0,2642.0
B-25713,126,455,11,3,4,8,2280.0,509.0
B-25065,356,456,9,14,2,9,6596.0,1439.0
B-25949,407,457,9,5,3,5,4510.0,1896.0
B-26033,233,458,11,6,5,18,6077.0,2378.0
B-26017,212,459,2,13,5,17,5379.0,2510.0
B-26926,408,460,7,10,3,16,4629.0,1660.0
B-26258,409,461,4,2,2,20,2710.0,555.0
B-26258,409,461,10,2,1,14,3224.0,1018.0
B-26240,410,462,7,7,3,15,8042.0,936.0
B-26240,411,463,7,5,3,15,8042.0,936.0
B-26922,412,464,10,11,3,10,3957.0,151.0
B-26894,413,465,7,2,2,16,8769.0,3178.0
B-25330,414,466,3,2,2,16,2957.0,917.0
B-26288,415,467,9,9,2,6,5344.0,2607.0
B-26288,416,468,9,8,2,6,5344.0,2607.0
B-25228,417,469,4,15,3,19,6061.0,2121.0
B-25228,418,470,4,10,3,19,6061.0,2121.0
B-26457,419,471,5,6,4,7,5376.0,1928.0
B-25790,420,472,2,1,5,8,2792.0,1008.0
B-25868,421,473,10,13,4,5,2944.0,249.0
B-25868,422,474,10,9,4,5,2944.0,249.0
B-25381,423,475,7,7,3,13,4220.0,945.0
B-25381,296,476,7,18,3,13,4220.0,945.0
B-25153,151,477,10,11,2,4,8526.0,1704.0
B-26576,124,478,12,12,4,19,8218.0,1430.0
B-26526,424,479,11,3,4,4,599.0,265.0
B-26526,425,480,11,8,4,4,599.0,265.0
B-26526,424,479,12,3,4,10,2727.0,543.0
B-26526,425,480,12,8,4,10,2727.0,543.0
B-25819,426,481,3,12,3,11,2589.0,605.0
B-25819,367,482,3,15,3,11,2589.0,605.0
B-25698,427,483,1,11,3,9,3776.0,1100.0
B-25698,428,484,1,18,3,9,3776.0,1100.0
B-26820,429,485,12,15,3,12,5402.0,1666.0
B-25396,430,486,3,18,3,16,5165.0,885.0
B-25396,430,486,12,18,3,4,4863.0,2394.0
B-25529,431,487,3,4,3,15,1626.0,258.0
B-26501,162,488,5,1,3,7,8851.0,3962.0
B-26910,82,489,5,8,5,9,9680.0,3295.0
B-26910,82,489,3,8,1,8,8468.0,3666.0
B-26910,82,489,6,8,2,14,4441.0,314.0
B-25978,432,490,8,6,5,8,6622.0,2673.0
B-26537,433,491,5,10,1,17,3260.0,207.0
B-25881,337,492,5,11,2,8,8709.0,2322.0
B-25881,434,493,5,12,2,8,8709.0,2322.0
B-25237,435,494,10,14,5,1,5250.0,187.0
B-25237,436,495,10,16,5,1,5250.0,187.0
B-26122,437,496,9,5,1,20,4116.0,921.0
B-26122,438,497,9,7,1,20,4116.0,921.0
B-25709,439,498,9,5,1,15,1109.0,418.0
B-26656,353,203,3,8,3,7,3573.0,562.0
B-26656,353,499,3,8,3,7,3573.0,562.0
B-26656,440,500,3,10,3,7,3573.0,562.0
B-26656,441,501,3,17,3,7,3573.0,562.0
B-26656,353,203,11,8,3,10,8055.0,661.0
B-26656,353,499,11,8,3,10,8055.0,661.0
B-26656,440,500,11,10,3,10,8055.0,661.0
B-26656,441,501,11,17,3,10,8055.0,661.0
B-25801,442,502,4,12,3,2,6829.0,2609.0
B-25801,442,502,9,12,5,12,6390.0,3089.0
B-25006,443,503,3,12,2,17,5831.0,1574.0
B-25006,115,504,3,10,2,17,5831.0,1574.0
B-25006,54,505,3,1,2,17,5831.0,1574.0
B-26106,444,506,8,18,2,8,7952.0,3865.0
B-25789,445,507,12,5,1,5,3659.0,379.0
B-26292,446,508,3,7,2,4,4183.0,1159.0
B-25895,199,509,11,16,3,11,7478.0,1381.0
B-25813,447,510,11,17,5,9,702.0,238.0
B-26863,448,511,6,12,3,15,4037.0,1494.0
B-25759,449,512,6,2,5,2,5014.0,2332.0
B-26357,124,513,4,8,2,15,9879.0,4930.0
B-26819,52,514,11,17,2,1,8762.0,3502.0
B-25502,390,515,3,6,3,1,8490.0,800.0
B-25258,107,516,8,3,1,10,6951.0,164.0
B-26878,450,517,11,15,4,3,1078.0,309.0
B-26878,451,518,11,2,4,3,1078.0,309.0
B-25170,452,519,10,17,3,19,8560.0,2166.0
B-25170,452,519,1,17,1,20,1031.0,318.0
B-26842,453,520,7,4,2,19,6402.0,2770.0
B-26842,348,521,7,4,2,19,6402.0,2770.0
B-26842,453,520,2,4,2,19,5916.0,1594.0
B-26842,348,521,2,4,2,19,5916.0,1594.0
B-26599,454,522,6,12,2,15,4015.0,1751.0
B-26599,438,523,6,6,2,15,4015.0,1751.0
B-25705,455,524,1,5,5,11,9335.0,557.0
B-26366,456,525,10,15,5,11,4706.0,594.0
B-26366,457,526,10,13,5,11,4706.0,594.0
B-26366,456,525,7,15,1,6,6584.0,371.0
B-26366,457,526,7,13,1,6,6584.0,371.0
B-26116,20,527,8,9,3,1,6389.0,734.0
B-26443,151,528,2,10,2,12,9869.0,4299.0
B-26443,383,529,2,3,2,12,9869.0,4299.0
B-25955,458,530,7,3,2,4,655.0,297.0
B-25955,459,531,7,4,2,4,655.0,297.0
B-26383,460,532,11,3,2,10,798.0,308.0
B-26383,461,533,11,15,2,10,798.0,308.0
B-26383,460,532,2,3,3,13,7967.0,2504.0
B-26383,461,533,2,15,3,13,7967.0,2504.0
B-26999,462,534,5,1,1,5,3756.0,1318.0
B-26712,463,535,7,11,1,1,5196.0,2477.0
B-26712,463,535,12,11,2,19,6586.0,1794.0
B-26066,210,536,7,3,3,19,6673.0,950.0
B-25996,464,537,5,13,1,14,714.0,232.0
B-25996,465,538,5,11,1,14,714.0,232.0
B-26924,466,539,3,11,5,6,1083.0,501.0
B-25541,231,540,12,15,1,10,2401.0,1163.0
B-25541,467,541,12,5,1,10,2401.0,1163.0
B-25541,468,542,12,8,1,10,2401.0,1163.0
B-25541,231,540,11,15,2,11,1045.0,267.0
B-25541,467,541,11,5,2,11,1045.0,267.0
B-25541,468,542,11,8,2,11,1045.0,267.0
B-25196,469,543,7,9,4,1,7806.0,1127.0
B-25855,454,544,8,1,4,19,5263.0,1743.0
B-25071,470,545,3,9,2,6,6147.0,2526.0
B-26159,471,546,11,4,1,15,7484.0,2871.0
B-26159,199,547,11,2,1,15,7484.0,2871.0
B-26159,471,546,8,4,4,1,7700.0,2712.0
B-26159,199,547,8,2,4,1,7700.0,2712.0
B-26228,112,548,7,8,1,13,8537.0,3586.0
B-25888,472,549,6,10,5,6,8858.0,3394.0
B-25574,261,550,2,12,2,7,5313.0,2037.0
B-25574,473,551,2,16,2,7,5313.0,2037.0
B-26938,474,552,8,5,3,7,3281.0,471.0
B-26938,475,553,8,18,3,7,3281.0,471.0
B-26379,476,554,3,6,4,9,8681.0,2458.0
B-26623,477,555,8,7,3,18,6195.0,1556.0
B-25566,478,556,6,8,2,16,3877.0,481.0
B-25566,479,557,6,6,2,16,3877.0,481.0
B-26740,480,558,2,4,2,6,9369.0,3297.0
B-26740,481,559,2,6,2,6,9369.0,3297.0
B-26740,480,558,2,4,4,20,8680.0,4068.0
B-26740,481,559,2,6,4,20,8680.0,4068.0
B-26740,480,558,4,4,1,8,3067.0,1475.0
B-26740,481,559,4,6,1,8,3067.0,1475.0
B-25024,419,560,7,14,3,2,9002.0,4197.0
B-25024,482,561,7,13,3,2,9002.0,4197.0
B-26367,483,562,3,13,5,19,7105.0,2782.0
B-26353,18,563,6,13,2,18,5317.0,1345.0
B-26353,136,564,6,4,2,18,5317.0,1345.0
B-26353,484,565,6,12,2,18,5317.0,1345.0
B-26353,18,563,5,13,3,14,6304.0,766.0
B-26353,136,564,5,4,3,14,6304.0,766.0
B-26353,484,565,5,12,3,14,6304.0,766.0
B-25742,72,566,9,7,2,3,9565.0,1691.0
B-25742,72,566,9,7,3,11,8245.0,324.0
B-26965,139,567,4,15,2,13,1592.0,480.0
B-26038,485,568,11,13,2,5,8400.0,267.0
B-26038,485,568,9,13,3,15,4963.0,1254.0
B-25317,318,569,2,10,5,5,2472.0,211.0
B-25970,21,570,6,17,2,14,9132.0,3096.0
B-25590,486,571,10,8,2,6,8305.0,1577.0
B-25580,487,572,1,17,5,19,1010.0,58.0
B-25443,358,573,11,9,3,9,4544.0,1726.0
B-25443,358,573,11,9,1,20,5900.0,1738.0
B-25774,417,574,7,10,4,19,8861.0,3381.0
B-26505,488,575,11,14,2,13,8158.0,2052.0
B-25163,489,576,3,5,1,14,3411.0,1704.0
B-26095,490,577,7,16,1,16,9406.0,1137.0
B-26095,490,577,2,16,3,15,1156.0,74.0
B-25768,491,578,12,7,1,10,5354.0,743.0
B-25328,492,579,1,11,4,4,8780.0,3430.0
B-25328,493,580,1,11,4,4,8780.0,3430.0
B-26573,494,581,8,13,2,8,6783.0,3306.0
B-25138,495,582,3,6,4,4,1778.0,285.0
B-26803,53,583,2,8,1,12,9399.0,1949.0
B-26803,53,583,8,8,4,4,7957.0,965.0
B-25101,496,584,6,7,3,13,1638.0,661.0
B-25827,52,585,5,9,5,4,1786.0,224.0
B-25792,497,586,9,3,3,9,4751.0,781.0
B-25646,498,587,9,2,4,4,8979.0,4477.0
B-25043,499,588,11,1,4,8,2727.0,663.0
B-26598,500,589,2,18,4,17,1093.0,397.0
B-26598,501,590,2,3,4,17,1093.0,397.0
B-26598,502,591,2,13,4,17,1093.0,397.0
B-26598,500,589,9,18,2,11,2636.0,88.0
B-26598,501,590,9,3,2,11,2636.0,88.0
B-26598,502,591,9,13,2,11,2636.0,88.0
B-26643,503,592,1,1,2,7,7344.0,2251.0
B-26643,503,592,9,1,5,3,7306.0,1547.0
B-26643,503,592,2,1,5,10,5832.0,2588.0
B-25992,417,593,5,7,3,8,8572.0,2041.0
B-25992,504,594,5,7,3,8,8572.0,2041.0
B-25992,505,595,5,10,3,8,8572.0,2041.0
B-25992,417,593,2,7,4,10,8059.0,1834.0
B-25992,504,594,2,7,4,10,8059.0,1834.0
B-25992,505,595,2,10,4,10,8059.0,1834.0
B-25532,506,596,8,11,3,13,3661.0,436.0
B-25564,507,597,9,5,3,8,2451.0,342.0
B-25564,51,598,9,14,3,8,2451.0,342.0
B-25564,508,599,9,16,3,8,2451.0,342.0
B-26543,509,600,5,12,4,16,7067.0,1943.0
B-25976,510,601,1,6,1,3,4307.0,615.0
B-25976,449,602,1,7,1,3,4307.0,615.0
B-25976,510,601,6,6,3,5,5694.0,1134.0
B-25976,449,602,6,7,3,5,5694.0,1134.0
B-25929,511,603,10,7,4,18,962.0,298.0
B-25497,512,604,12,3,4,14,2995.0,220.0
B-25497,512,604,7,3,2,5,2047.0,914.0
B-26735,513,605,4,11,5,6,2078.0,612.0
B-25036,514,606,2,6,3,3,2737.0,1253.0
B-25971,197,607,9,16,2,6,8194.0,2881.0
B-25441,515,608,8,3,4,16,9914.0,3858.0
B-25441,516,609,8,8,4,16,9914.0,3858.0
B-25441,515,608,3,3,2,7,5470.0,292.0
B-25441,516,609,3,8,2,7,5470.0,292.0
B-25441,515,608,12,3,1,17,1496.0,662.0
B-25441,516,609,12,8,1,17,1496.0,662.0
B-25823,517,610,9,6,5,9,3228.0,476.0
B-25363,518,611,4,10,4,8,3918.0,749.0
B-25363,223,612,4,16,4,8,3918.0,749.0
B-26445,519,613,8,2,3,15,9921.0,1451.0
B-26724,520,614,6,7,3,1,9694.0,4361.0
B-25447,9,615,9,17,3,13,5028.0,1553.0
B-26904,521,616,9,3,2,19,594.0,67.0
B-26904,522,617,9,1,2,19,594.0,67.0
B-26904,523,618,9,11,2,19,594.0,67.0
B-26456,245,619,5,14,5,11,5954.0,2618.0
B-25435,524,620,12,12,1,3,3518.0,1051.0
B-25435,524,620,4,12,3,8,4157.0,1874.0
B-26279,525,621,7,7,4,5,3747.0,410.0
B-26279,175,622,7,3,4,5,3747.0,410.0
B-26279,500,623,7,13,4,5,3747.0,410.0
B-26279,526,624,7,2,4,5,3747.0,410.0
B-26279,527,625,7,5,4,5,3747.0,410.0
B-26279,525,621,10,7,1,4,3194.0,534.0
B-26279,175,622,10,3,1,4,3194.0,534.0
B-26279,500,623,10,13,1,4,3194.0,534.0
B-26279,526,624,10,2,1,4,3194.0,534.0
B-26279,527,625,10,5,1,4,3194.0,534.0
B-25770,19,626,10,17,5,1,8548.0,2305.0
B-25715,528,627,5,14,2,19,6089.0,139.0
B-25715,68,628,5,15,2,19,6089.0,139.0
B-25715,529,629,5,2,2,19,6089.0,139.0
B-25715,528,627,5,14,1,16,2586.0,800.0
B-25715,68,628,5,15,1,16,2586.0,800.0
B-25715,529,629,5,2,1,16,2586.0,800.0
B-25715,528,627,9,14,1,9,3757.0,1626.0
B-25715,68,628,9,15,1,9,3757.0,1626.0
B-25715,529,629,9,2,1,9,3757.0,1626.0
B-26961,473,630,8,10,2,5,5193.0,2530.0
B-26961,530,631,8,1,2,5,5193.0,2530.0
B-25902,531,632,1,15,1,3,7493.0,96.0
B-26321,532,633,7,17,4,6,2062.0,848.0
B-25612,385,634,11,10,3,1,7163.0,1536.0
B-25605,533,635,11,6,5,6,4026.0,163.0
B-25810,534,636,6,1,4,5,1894.0,275.0
B-25810,534,636,1,1,4,13,7144.0,192.0
B-25935,535,637,4,13,2,15,3482.0,1554.0
B-26245,536,638,9,15,3,5,4172.0,235.0
B-26245,537,639,9,4,3,5,4172.0,235.0
B-26245,199,640,9,7,3,5,4172.0,235.0
B-25346,158,641,8,14,5,8,6265.0,155.0
B-25346,538,642,8,15,5,8,6265.0,155.0
B-25594,539,643,1,18,4,7,2931.0,212.0
B-25594,540,644,1,17,4,7,2931.0,212.0
B-25471,541,645,6,17,2,9,1146.0,188.0
B-25398,542,646,2,17,5,13,9215.0,767.0
B-25398,543,647,2,12,5,13,9215.0,767.0
B-25999,544,648,6,14,4,1,7895.0,1005.0
B-25999,545,649,6,10,4,1,7895.0,1005.0
B-25999,544,648,3,14,1,8,2740.0,558.0
B-25999,545,649,3,10,1,8,2740.0,558.0
B-25159,546,650,7,18,1,16,5338.0,1354.0
B-25159,547,651,7,3,1,16,5338.0,1354.0
B-25159,409,652,7,4,1,16,5338.0,1354.0
B-25159,548,653,7,3,1,16,5338.0,1354.0
B-25496,56,654,3,15,3,2,3095.0,941.0
B-25496,99,655,3,11,3,2,3095.0,941.0
B-25401,167,656,2,18,2,13,6017.0,2230.0
B-25707,396,657,3,9,2,2,4904.0,469.0
B-25707,396,657,10,9,1,6,3080.0,737.0
B-26225,549,658,11,17,5,2,1992.0,355.0
B-25662,550,659,8,4,3,17,5346.0,1246.0
B-25662,551,660,8,1,3,17,5346.0,1246.0
B-26752,99,661,2,12,2,18,8422.0,893.0
B-26752,127,662,2,13,2,18,8422.0,893.0
B-26752,99,661,12,12,4,8,6105.0,1447.0
B-26752,127,662,12,13,4,8,6105.0,1447.0
B-25640,28,663,3,16,3,9,670.0,85.0
B-25030,552,664,4,10,4,6,4057.0,1012.0
B-25504,553,665,3,5,1,10,8178.0,2462.0
B-26912,554,666,5,14,2,9,8752.0,1686.0
B-26912,555,667,5,18,2,9,8752.0,1686.0
B-26912,556,668,5,2,2,9,8752.0,1686.0
B-25193,557,669,2,6,3,16,8974.0,4441.0
B-25106,558,670,11,9,4,16,9090.0,3098.0
B-25106,559,671,11,7,4,16,9090.0,3098.0
B-25106,558,670,1,9,4,11,851.0,356.0
B-25106,559,671,1,7,4,11,851.0,356.0
B-26835,560,672,11,1,1,3,5427.0,728.0
B-25836,561,673,12,18,2,15,2695.0,914.0
B-25836,562,674,12,5,2,15,2695.0,914.0
B-26661,563,675,3,1,5,3,2386.0,999.0
B-26317,564,676,3,8,2,20,2284.0,149.0
B-26839,565,677,11,16,3,8,6034.0,608.0
B-26839,565,677,12,16,4,13,8956.0,3359.0
B-25735,566,678,7,18,3,7,7122.0,1982.0
B-25387,567,679,7,14,1,5,9775.0,4507.0
B-25192,568,680,12,15,3,13,3309.0,177.0
B-26844,304,681,1,7,5,14,4163.0,897.0
B-26844,569,682,1,15,5,14,4163.0,897.0
B-26844,570,683,1,4,5,14,4163.0,897.0
B-25236,571,684,8,16,1,7,5518.0,867.0
B-25940,572,685,11,13,2,6,7566.0,606.0
B-25940,573,686,11,10,2,6,7566.0,606.0
B-26765,574,687,2,7,5,11,762.0,92.0
B-26817,575,688,4,14,5,6,3316.0,126.0
B-26522,250,689,12,12,3,9,5994.0,2826.0
B-26522,576,690,12,5,3,9,5994.0,2826.0
B-26522,148,691,12,6,3,9,5994.0,2826.0
B-25681,577,692,4,13,5,19,3854.0,245.0
B-25382,108,693,7,1,1,15,7019.0,2677.0
B-25944,578,694,4,6,4,14,5954.0,2640.0
B-25944,403,695,4,9,4,14,5954.0,2640.0
B-26980,579,696,12,8,2,5,9752.0,3618.0
B-26980,284,697,12,18,2,5,9752.0,3618.0
B-25780,580,698,1,6,5,15,5335.0,322.0
B-25964,581,699,1,8,4,20,1454.0,80.0
B-26767,582,700,12,12,5,19,6724.0,1539.0
B-26767,583,701,12,9,5,19,6724.0,1539.0
B-25501,405,702,10,15,3,4,9874.0,3895.0
B-26029,584,703,11,17,1,7,4918.0,1485.0
B-25292,169,704,9,6,4,19,3189.0,1180.0
B-25873,209,705,1,6,1,2,2684.0,713.0
B-25873,585,706,1,3,1,2,2684.0,713.0
B-25873,586,707,1,9,1,2,2684.0,713.0
B-25444,351,708,3,7,3,5,7626.0,229.0
B-25444,587,709,3,13,3,5,7626.0,229.0
B-26796,588,710,2,14,1,19,6669.0,3063.0
B-25537,113,711,7,14,4,3,6123.0,1686.0
B-26083,589,712,9,5,4,16,3265.0,1390.0
B-25298,590,713,7,4,5,6,8104.0,1039.0
B-25298,591,714,7,1,5,6,8104.0,1039.0
B-25298,331,715,7,12,5,6,8104.0,1039.0
B-26734,592,716,5,3,5,17,847.0,355.0
B-26734,395,717,5,11,5,17,847.0,355.0
B-26734,464,718,5,12,5,17,847.0,355.0
B-25483,507,719,12,18,2,9,3129.0,55.0
B-25483,507,719,4,18,3,13,7821.0,3821.0
B-26041,593,720,11,18,5,12,9498.0,256.0
B-26041,591,721,11,6,5,12,9498.0,256.0
B-26750,594,722,8,8,4,7,5461.0,1214.0
B-26138,595,723,12,9,1,19,3084.0,611.0
B-26929,596,724,8,3,5,1,6087.0,3043.0
B-25359,597,725,12,18,4,3,611.0,300.0
B-25738,598,726,7,15,5,18,9909.0,2999.0
B-25738,599,727,7,11,5,18,9909.0,2999.0
B-25931,402,728,8,13,1,18,6485.0,3178.0
B-25706,175,729,4,7,4,10,7259.0,1969.0
B-25352,104,730,2,1,5,18,3333.0,700.0
B-26909,220,731,8,18,3,4,7786.0,1202.0
B-26296,333,732,11,7,2,6,7644.0,2428.0
B-26112,600,733,12,5,5,5,1476.0,247.0
B-26112,601,734,12,10,5,5,1476.0,247.0
B-26790,488,735,8,12,3,16,3445.0,1405.0
B-26790,488,735,4,12,1,1,9837.0,384.0
B-25986,282,736,8,10,3,8,1314.0,457.0
B-25630,602,737,4,9,2,6,5951.0,936.0
B-25630,603,738,4,13,2,6,5951.0,936.0
B-26872,604,739,11,5,1,6,992.0,177.0
B-26872,604,739,7,5,3,18,4699.0,625.0
B-25870,114,740,4,15,3,17,5557.0,2114.0
B-25991,341,741,1,9,4,3,3436.0,933.0
B-25198,605,742,2,11,2,11,9840.0,3870.0
B-25189,606,743,9,12,3,4,7620.0,125.0
B-25189,607,744,9,12,3,4,7620.0,125.0
B-26563,179,745,5,3,2,5,4314.0,1591.0
B-25548,608,746,4,14,1,12,8851.0,999.0
B-25965,609,747,4,16,2,2,544.0,272.0
B-25965,475,748,4,3,2,2,544.0,272.0
B-26545,610,749,7,18,3,20,537.0,142.0
B-26603,435,750,4,11,3,7,5944.0,2661.0
B-26393,608,751,2,1,4,18,2258.0,135.0
B-26393,611,752,2,10,4,18,2258.0,135.0
B-26628,612,753,8,16,2,3,9609.0,4339.0
B-26628,613,754,8,14,2,3,9609.0,4339.0
B-25945,363,755,1,9,2,15,9952.0,3301.0
B-26565,444,756,9,13,4,7,9873.0,4585.0
B-25684,295,757,1,6,5,15,3560.0,1335.0
B-25684,614,758,1,7,5,15,3560.0,1335.0
B-26612,9,759,11,3,2,9,6528.0,76.0
B-26612,9,759,8,3,2,12,8930.0,3374.0
B-25839,615,760,9,17,2,9,4521.0,1778.0
B-25898,616,761,8,10,4,10,7091.0,2317.0
B-26120,495,353,3,15,5,8,2101.0,287.0
B-26120,495,762,3,15,5,8,2101.0,287.0
B-26120,617,763,3,2,5,8,2101.0,287.0
B-26426,618,764,9,2,2,9,8644.0,1968.0
B-26309,619,765,5,9,1,4,6672.0,3319.0
B-26309,620,766,5,10,1,4,6672.0,3319.0
B-26789,595,767,10,14,1,12,4699.0,103.0
B-26420,377,768,8,16,2,14,4897.0,1001.0
B-26420,120,769,8,14,2,14,4897.0,1001.0
B-26257,621,770,5,3,2,14,5460.0,2088.0
B-26257,622,771,5,14,2,14,5460.0,2088.0
B-25603,623,772,7,7,1,19,9272.0,1771.0
B-25603,441,773,7,9,1,19,9272.0,1771.0
B-25010,237,774,3,16,4,15,7870.0,1057.0
B-25010,624,775,3,15,4,15,7870.0,1057.0
B-25889,512,776,4,15,4,12,7992.0,893.0
B-25889,231,777,4,6,4,12,7992.0,893.0
B-25889,625,778,4,2,4,12,7992.0,893.0
B-26675,209,779,1,6,3,18,6499.0,2189.0
B-26675,349,780,1,4,3,18,6499.0,2189.0
B-26168,626,781,3,10,2,9,8848.0,2090.0
B-25436,627,782,7,4,5,3,8044.0,3634.0
B-25436,24,783,7,10,5,3,8044.0,3634.0
B-25794,628,784,12,17,5,16,7417.0,1334.0
B-26495,629,785,7,2,1,3,3451.0,658.0
B-25815,630,786,4,11,3,4,8531.0,2555.0
B-25022,631,787,8,6,2,15,6646.0,848.0
B-25022,632,788,8,3,2,15,6646.0,848.0
B-26928,633,789,4,9,4,6,2553.0,907.0
B-25905,151,790,11,6,4,3,8490.0,3485.0
B-26739,163,791,5,5,1,3,2689.0,1330.0
B-26739,335,792,5,1,1,3,2689.0,1330.0
B-25697,634,793,5,12,2,14,815.0,54.0
B-25234,635,794,9,9,1,2,5024.0,379.0
B-25234,636,795,9,18,1,2,5024.0,379.0
B-25665,637,796,1,15,2,18,8962.0,2444.0
B-25665,638,797,1,18,2,18,8962.0,2444.0
B-25028,639,798,10,4,1,12,1961.0,59.0
B-26659,640,799,8,2,4,4,526.0,83.0
B-25966,641,800,12,12,2,9,6093.0,3042.0
B-25966,642,801,12,10,2,9,6093.0,3042.0
B-25350,643,802,1,11,2,5,7699.0,246.0
B-26370,644,803,5,6,2,15,8825.0,3594.0
B-26298,645,804,11,8,3,8,2082.0,642.0
B-26298,646,805,11,11,3,8,2082.0,642.0
B-26298,647,806,11,3,3,8,2082.0,642.0
B-25068,648,807,7,2,1,13,914.0,163.0
